01-01-2018 00:00:00, 5,895833, 91,125000, 992,316666, 4,9000, 6,9000
02-01-2018 00:00:00, 5,241666, 93,250000, 1001,687500, 4,6000, 5,9000
03-01-2018 00:00:00, 4,783333, 94,041666, 980,683333, 3,6000, 6,3000
04-01-2018 00:00:00, 4,191666, 89,541666, 987,687500, 3,2000, 5,2000
05-01-2018 00:00:00, 2,958333, 90,000000, 991,829166, 1,4000, 3,8000
06-01-2018 00:00:00, 1,358333, 89,583333, 1009,700000, -0,1000, 2,9000
07-01-2018 00:00:00, 0,108333, 83,333333, 1032,145833, -2,1000, 2,3000
08-01-2018 00:00:00, -0,375000, 88,083333, 1035,037500, -2,9000, 2,4000
09-01-2018 00:00:00, 2,366666, 73,500000, 1020,250000, -0,1000, 4,2000
10-01-2018 00:00:00, 2,425000, 90,875000, 1012,525000, 1,6000, 3,7000
11-01-2018 00:00:00, 2,733333, 98,666666, 1020,112500, 1,4000, 3,7000
12-01-2018 00:00:00, 1,979166, 90,375000, 1030,729166, 1,2000, 2,7000
13-01-2018 00:00:00, 0,950000, 88,083333, 1032,070833, -0,8000, 1,8000
14-01-2018 00:00:00, 0,462500, 78,458333, 1027,325000, -0,2000, 1,5000
15-01-2018 00:00:00, 1,833333, 87,833333, 1003,975000, 0,5000, 3,4000
16-01-2018 00:00:00, 3,158333, 91,708333, 983,562500, 1,8000, 4,5000
17-01-2018 00:00:00, 1,837500, 93,166666, 989,958333, 1,0000, 2,7000
18-01-2018 00:00:00, 1,812500, 94,250000, 992,033333, 0,6000, 2,9000
19-01-2018 00:00:00, 2,083333, 94,666666, 1001,758333, 0,6000, 3,1000
20-01-2018 00:00:00, 1,925000, 93,708333, 1002,683333, 1,4000, 2,3000
21-01-2018 00:00:00, 1,233333, 92,875000, 1012,779166, -1,1000, 3,8000
22-01-2018 00:00:00, 0,862500, 94,416666, 1010,287500, 0,0000, 1,2000
23-01-2018 00:00:00, 2,858333, 96,166666, 1014,883333, 0,9000, 5,7000
24-01-2018 00:00:00, 6,412500, 96,250000, 1005,329166, 4,6000, 9,3000
25-01-2018 00:00:00, 4,937500, 93,416666, 1008,079166, 4,0000, 5,7000
26-01-2018 00:00:00, 3,554166, 98,041666, 1017,650000, 1,6000, 4,9000
27-01-2018 00:00:00, 4,162500, 93,958333, 1023,066666, 3,3000, 4,9000
28-01-2018 00:00:00, 6,050000, 88,750000, 1016,416666, 4,5000, 7,4000
29-01-2018 00:00:00, 6,116666, 90,125000, 1012,191666, 4,2000, 7,5000
30-01-2018 00:00:00, 4,787500, 85,375000, 1019,358333, 4,0000, 6,1000
31-01-2018 00:00:00, 3,962500, 91,833333, 998,541666, 2,9000, 5,7000
01-02-2018 00:00:00, 3,237500, 90,208333, 991,208333, 2,0000, 4,2000
02-02-2018 00:00:00, 2,270833, 92,416666, 999,312500, -0,7000, 3,8000
03-02-2018 00:00:00, -1,116666, 85,291666, 1007,300000, -1,9000, 0,4000
04-02-2018 00:00:00, 0,441666, 86,916666, 1023,850000, -1,2000, 1,4000
05-02-2018 00:00:00, -2,220833, 79,000000, 1031,550000, -4,4000, 0,0000
06-02-2018 00:00:00, -1,779166, 76,958333, 1019,545833, -3,7000, 0,2000
07-02-2018 00:00:00, -0,266666, 77,083333, 1018,225000, -1,5000, 1,4000
08-02-2018 00:00:00, 0,295833, 79,208333, 1019,712500, -0,6000, 1,6000
09-02-2018 00:00:00, -0,166666, 80,458333, 1015,604166, -1,1000, 0,7000
10-02-2018 00:00:00, 0,387500, 83,291666, 1013,116666, -0,8000, 1,4000
11-02-2018 00:00:00, 1,954166, 91,958333, 994,650000, 0,4000, 3,8000
12-02-2018 00:00:00, 2,450000, 87,416666, 1001,895833, 0,5000, 3,9000
13-02-2018 00:00:00, 1,687500, 92,041666, 1012,470833, 0,4000, 3,2000
14-02-2018 00:00:00, 1,620833, 81,291666, 1018,637500, -0,5000, 2,9000
15-02-2018 00:00:00, 1,270833, 85,291666, 1012,762500, -0,1000, 2,3000
16-02-2018 00:00:00, 3,137500, 91,208333, 1018,129166, 1,8000, 5,0000
17-02-2018 00:00:00, 2,666666, 93,000000, 1025,112500, 1,8000, 3,8000
18-02-2018 00:00:00, 2,070833, 88,333333, 1025,858333, -0,4000, 3,2000
19-02-2018 00:00:00, 2,029166, 92,000000, 1020,379166, 0,9000, 3,2000
20-02-2018 00:00:00, 1,837500, 82,125000, 1023,745833, -0,1000, 3,9000
21-02-2018 00:00:00, 1,366666, 82,500000, 1028,025000, -0,8000, 3,4000
22-02-2018 00:00:00, 1,341666, 86,333333, 1028,108333, -2,1000, 3,8000
23-02-2018 00:00:00, -0,804166, 81,541666, 1029,545833, -3,2000, 2,1000
24-02-2018 00:00:00, -0,916666, 71,125000, 1034,808333, -3,8000, 0,9000
25-02-2018 00:00:00, -3,462500, 74,291666, 1036,450000, -4,7000, -2,3000
26-02-2018 00:00:00, -3,529166, 73,916666, 1034,266666, -6,2000, -0,9000
27-02-2018 00:00:00, -5,283333, 81,333333, 1028,754166, -7,3000, -3,3000
28-02-2018 00:00:00, -6,600000, 74,000000, 1031,679166, -8,3000, -4,5000
01-03-2018 00:00:00, -4,847826, 73,173913, 1023,226086, -6,9000, -2,7000
02-03-2018 00:00:00, -3,658333, 80,916666, 1011,308333, -5,3000, -1,5000
03-03-2018 00:00:00, -3,070833, 77,875000, 1008,283333, -4,4000, -1,2000
04-03-2018 00:00:00, -2,983333, 67,791666, 1003,933333, -5,8000, -0,4000
05-03-2018 00:00:00, 0,212500, 87,416666, 995,466666, -2,2000, 2,8000
06-03-2018 00:00:00, 2,237500, 88,541666, 995,725000, -0,3000, 6,5000
07-03-2018 00:00:00, 1,075000, 91,333333, 996,383333, -0,1000, 2,7000
08-03-2018 00:00:00, 0,800000, 98,416666, 997,079166, -0,5000, 2,6000
09-03-2018 00:00:00, 1,645833, 96,208333, 1002,241666, 0,1000, 4,1000
10-03-2018 00:00:00, 1,250000, 93,875000, 1004,383333, -0,5000, 3,1000
11-03-2018 00:00:00, 4,412500, 97,833333, 997,216666, 1,6000, 8,3000
12-03-2018 00:00:00, 4,029166, 99,791666, 992,558333, 2,0000, 6,4000
13-03-2018 00:00:00, 2,733333, 96,083333, 998,570833, 1,5000, 5,5000
14-03-2018 00:00:00, 1,879166, 85,750000, 1012,187500, 0,5000, 3,7000
15-03-2018 00:00:00, 1,316666, 79,500000, 1012,145833, 0,0000, 3,3000
16-03-2018 00:00:00, -1,054166, 63,833333, 1016,975000, -3,4000, 0,3000
17-03-2018 00:00:00, -2,704166, 60,500000, 1022,900000, -4,5000, -0,2000
18-03-2018 00:00:00, -1,612500, 70,958333, 1023,720833, -4,0000, 1,7000
19-03-2018 00:00:00, -0,516666, 83,791666, 1017,012500, -5,2000, 3,4000
20-03-2018 00:00:00, 1,895833, 70,208333, 1020,491666, -2,2000, 5,2000
21-03-2018 00:00:00, 2,016666, 86,125000, 1022,120833, -2,3000, 5,7000
22-03-2018 00:00:00, 3,500000, 94,416666, 1008,512500, 1,1000, 6,0000
23-03-2018 00:00:00, 2,083333, 93,416666, 1006,137500, 1,2000, 2,9000
24-03-2018 00:00:00, 3,108333, 96,416666, 1005,033333, 2,2000, 4,3000
25-03-2018 00:00:00, 3,733333, 96,041666, 1008,512500, 2,2000, 5,7000
26-03-2018 00:00:00, 2,462500, 93,750000, 1013,804166, -0,2000, 6,0000
27-03-2018 00:00:00, 2,516666, 94,833333, 1014,045833, 1,1000, 4,9000
28-03-2018 00:00:00, 1,429166, 86,041666, 1007,000000, -0,1000, 3,7000
29-03-2018 00:00:00, 0,337500, 93,250000, 1004,808333, -1,1000, 1,0000
30-03-2018 00:00:00, 1,187500, 78,875000, 1009,304166, -2,8000, 5,6000
31-03-2018 00:00:00, 1,420833, 80,625000, 1006,050000, -0,1000, 3,0000
01-04-2018 00:00:00, 2,266666, 82,000000, 1006,820833, 0,3000, 4,9000
02-04-2018 00:00:00, 2,800000, 80,208333, 1007,887500, -0,3000, 6,3000
03-04-2018 00:00:00, 4,954166, 98,083333, 999,750000, 1,1000, 9,0000
04-04-2018 00:00:00, 7,400000, 92,625000, 999,879166, 4,4000, 11,7000
05-04-2018 00:00:00, 4,566666, 91,041666, 1004,433333, 3,1000, 6,4000
06-04-2018 00:00:00, 5,520833, 78,125000, 1021,212500, 2,7000, 9,2000
07-04-2018 00:00:00, 8,229166, 66,833333, 1014,712500, 4,5000, 12,4000
08-04-2018 00:00:00, 9,437500, 76,208333, 1008,983333, 6,6000, 14,5000
09-04-2018 00:00:00, 10,029166, 83,958333, 1007,866666, 5,1000, 15,4000
10-04-2018 00:00:00, 8,375000, 80,291666, 1012,662500, 4,9000, 12,4000
11-04-2018 00:00:00, 7,370833, 68,541666, 1016,945833, 4,0000, 12,3000
12-04-2018 00:00:00, 8,995833, 68,958333, 1011,766666, 4,8000, 14,5000
13-04-2018 00:00:00, 10,704166, 77,541666, 1009,870833, 8,2000, 13,8000
14-04-2018 00:00:00, 7,158333, 96,083333, 1013,537500, 4,8000, 9,7000
15-04-2018 00:00:00, 5,954166, 98,750000, 1014,941666, 4,6000, 9,0000
16-04-2018 00:00:00, 6,845833, 96,333333, 1015,420833, 4,7000, 9,4000
17-04-2018 00:00:00, 7,583333, 90,708333, 1024,858333, 4,5000, 11,3000
18-04-2018 00:00:00, 10,770833, 83,291666, 1030,595833, 7,4000, 18,4000
19-04-2018 00:00:00, 12,900000, 83,666666, 1030,354166, 8,9000, 18,6000
20-04-2018 00:00:00, 12,554166, 82,875000, 1020,779166, 8,5000, 17,1000
21-04-2018 00:00:00, 9,770833, 83,458333, 1020,691666, 6,2000, 16,3000
22-04-2018 00:00:00, 9,745833, 81,041666, 1014,762500, 5,4000, 13,2000
23-04-2018 00:00:00, 10,454166, 83,375000, 1009,266666, 7,5000, 13,5000
24-04-2018 00:00:00, 9,154166, 83,666666, 1008,600000, 7,4000, 11,9000
25-04-2018 00:00:00, 7,954166, 89,208333, 1004,795833, 6,0000, 11,6000
26-04-2018 00:00:00, 8,275000, 87,083333, 1009,025000, 6,7000, 11,0000
27-04-2018 00:00:00, 8,675000, 85,041666, 1011,770833, 6,9000, 10,9000
28-04-2018 00:00:00, 10,095833, 85,750000, 1010,366666, 6,5000, 14,3000
29-04-2018 00:00:00, 9,083333, 88,708333, 1011,908333, 5,8000, 11,6000
30-04-2018 00:00:00, 9,641666, 88,916666, 1001,083333, 7,8000, 13,5000
01-05-2018 00:00:00, 7,582608, 89,260869, 1002,787500, 6,4000, 9,2000
02-05-2018 00:00:00, 9,262500, 77,416666, 1012,775000, 5,9000, 13,1000
03-05-2018 00:00:00, 9,329166, 76,000000, 1016,058333, 6,0000, 12,4000
04-05-2018 00:00:00, 8,479166, 85,666666, 1025,766666, 4,5000, 13,6000
05-05-2018 00:00:00, 10,120833, 79,750000, 1029,345833, 5,5000, 14,3000
06-05-2018 00:00:00, 12,750000, 74,458333, 1027,704166, 8,8000, 16,1000
07-05-2018 00:00:00, 14,175000, 80,458333, 1023,295833, 10,9000, 17,3000
08-05-2018 00:00:00, 16,420833, 64,833333, 1016,329166, 12,5000, 22,0000
09-05-2018 00:00:00, 17,562500, 64,041666, 1011,137500, 12,2000, 23,6000
10-05-2018 00:00:00, 14,262500, 84,291666, 1009,512500, 10,7000, 22,3000
11-05-2018 00:00:00, 12,533333, 79,958333, 1019,962500, 9,8000, 16,6000
12-05-2018 00:00:00, 13,350000, 83,083333, 1019,379166, 9,9000, 19,6000
13-05-2018 00:00:00, 17,075000, 68,500000, 1016,316666, 10,2000, 23,7000
14-05-2018 00:00:00, 18,933333, 61,541666, 1018,050000, 13,3000, 25,3000
15-05-2018 00:00:00, 17,591666, 65,458333, 1018,529166, 12,1000, 22,4000
16-05-2018 00:00:00, 16,783333, 73,041666, 1016,112500, 10,0000, 23,1000
17-05-2018 00:00:00, 13,275000, 83,625000, 1015,691666, 8,9000, 17,9000
18-05-2018 00:00:00, 13,733333, 84,833333, 1018,583333, 9,8000, 18,2000
19-05-2018 00:00:00, 13,416666, 83,750000, 1023,879166, 10,7000, 17,7000
20-05-2018 00:00:00, 14,825000, 71,791666, 1027,275000, 10,6000, 17,8000
21-05-2018 00:00:00, 15,195833, 62,625000, 1023,541666, 8,7000, 21,0000
22-05-2018 00:00:00, 16,225000, 72,625000, 1018,491666, 10,6000, 21,3000
23-05-2018 00:00:00, 17,454166, 67,375000, 1024,754166, 12,4000, 22,2000
24-05-2018 00:00:00, 18,308333, 56,250000, 1026,641666, 12,7000, 23,4000
25-05-2018 00:00:00, 18,041666, 58,958333, 1025,079166, 13,0000, 24,3000
26-05-2018 00:00:00, 18,862500, 68,458333, 1025,158333, 12,0000, 24,1000
27-05-2018 00:00:00, 17,233333, 86,083333, 1024,095833, 13,2000, 21,1000
28-05-2018 00:00:00, 18,016666, 89,000000, 1022,025000, 14,5000, 22,8000
29-05-2018 00:00:00, 20,741666, 73,416666, 1018,533333, 16,6000, 26,7000
30-05-2018 00:00:00, 21,887500, 63,208333, 1016,862500, 15,9000, 27,7000
31-05-2018 00:00:00, 19,908695, 65,130434, 1018,069565, 15,5000, 24,5000
01-06-2018 00:00:00, 19,073913, 73,173913, 1016,817391, 13,9000, 24,5000
02-06-2018 00:00:00, 20,370833, 78,041666, 1015,679166, 15,3000, 25,5000
03-06-2018 00:00:00, 18,158333, 89,750000, 1016,804166, 16,0000, 21,7000
04-06-2018 00:00:00, 18,283333, 79,625000, 1012,083333, 14,7000, 22,2000
05-06-2018 00:00:00, 17,395833, 77,666666, 1014,475000, 13,2000, 22,8000
06-06-2018 00:00:00, 17,937500, 64,375000, 1018,500000, 12,9000, 21,9000
07-06-2018 00:00:00, 18,545833, 65,166666, 1017,662500, 13,7000, 22,5000
08-06-2018 00:00:00, 20,245833, 65,916666, 1015,204166, 12,6000, 27,0000
09-06-2018 00:00:00, 20,300000, 71,041666, 1014,575000, 15,8000, 23,5000
10-06-2018 00:00:00, 18,275000, 83,333333, 1011,608333, 14,8000, 20,7000
11-06-2018 00:00:00, 15,283333, 72,250000, 1010,600000, 13,6000, 17,8000
12-06-2018 00:00:00, 14,537500, 78,083333, 1009,450000, 12,2000, 16,9000
13-06-2018 00:00:00, 14,516666, 69,083333, 1011,629166, 11,5000, 18,1000
14-06-2018 00:00:00, 15,995833, 80,375000, 1011,908333, 12,5000, 19,9000
15-06-2018 00:00:00, 15,975000, 70,750000, 1016,612500, 12,7000, 19,5000
16-06-2018 00:00:00, 16,612500, 79,958333, 1015,004166, 12,9000, 19,6000
17-06-2018 00:00:00, 16,616666, 77,041666, 1013,870833, 14,8000, 18,8000
18-06-2018 00:00:00, 15,945833, 87,916666, 1016,450000, 14,1000, 17,6000
19-06-2018 00:00:00, 16,029166, 74,666666, 1018,766666, 13,0000, 18,5000
20-06-2018 00:00:00, 16,683333, 87,416666, 1016,483333, 13,2000, 19,4000
21-06-2018 00:00:00, 12,533333, 78,916666, 1010,883333, 10,4000, 16,5000
22-06-2018 00:00:00, 12,941666, 73,625000, 1015,033333, 10,1000, 16,7000
23-06-2018 00:00:00, 13,287500, 77,625000, 1018,333333, 10,8000, 15,8000
24-06-2018 00:00:00, 14,404166, 83,916666, 1017,850000, 11,5000, 19,6000
25-06-2018 00:00:00, 15,308333, 85,041666, 1019,929166, 12,0000, 20,3000
26-06-2018 00:00:00, 16,083333, 86,458333, 1024,241666, 11,4000, 22,2000
27-06-2018 00:00:00, 16,900000, 81,541666, 1027,354166, 13,0000, 20,4000
28-06-2018 00:00:00, 18,395833, 71,958333, 1025,000000, 12,1000, 22,6000
29-06-2018 00:00:00, 18,137500, 66,291666, 1019,808333, 13,6000, 21,9000
30-06-2018 00:00:00, 18,012500, 67,458333, 1021,525000, 13,5000, 23,4000
01-07-2018 00:00:00, 17,387500, 68,666666, 1022,758333, 12,9000, 21,1000
02-07-2018 00:00:00, 19,016666, 62,125000, 1019,220833, 13,0000, 25,3000
03-07-2018 00:00:00, 17,433333, 74,458333, 1016,666666, 12,2000, 22,9000
04-07-2018 00:00:00, 15,975000, 81,625000, 1014,204166, 12,6000, 18,2000
05-07-2018 00:00:00, 16,154166, 82,375000, 1011,820833, 14,2000, 19,7000
06-07-2018 00:00:00, 16,487500, 67,375000, 1015,245833, 13,2000, 20,6000
07-07-2018 00:00:00, 16,879166, 70,416666, 1019,175000, 12,6000, 21,4000
08-07-2018 00:00:00, 17,143478, 72,217391, 1021,578260, 12,3000, 23,5000
09-07-2018 00:00:00, 14,812500, 72,875000, 1017,229166, 11,8000, 17,8000
10-07-2018 00:00:00, 16,041666, 73,416666, 1017,304166, 10,3000, 21,5000
11-07-2018 00:00:00, 19,929166, 72,583333, 1017,300000, 15,5000, 25,0000
12-07-2018 00:00:00, 20,650000, 74,333333, 1016,145833, 16,8000, 27,4000
13-07-2018 00:00:00, 18,370833, 73,291666, 1018,120833, 14,0000, 24,8000
14-07-2018 00:00:00, 16,279166, 73,041666, 1019,333333, 13,5000, 20,6000
15-07-2018 00:00:00, 18,100000, 81,291666, 1018,104166, 14,1000, 22,9000
16-07-2018 00:00:00, 20,925000, 69,083333, 1015,662500, 16,0000, 26,5000
17-07-2018 00:00:00, 21,804166, 75,000000, 1013,308333, 16,5000, 28,6000
18-07-2018 00:00:00, 19,837500, 75,041666, 1016,208333, 16,2000, 23,5000
19-07-2018 00:00:00, 18,283333, 72,125000, 1018,170833, 14,4000, 23,0000
20-07-2018 00:00:00, 18,770833, 73,708333, 1015,312500, 14,2000, 23,6000
21-07-2018 00:00:00, 19,820833, 71,791666, 1013,037500, 14,8000, 24,2000
22-07-2018 00:00:00, 20,820833, 66,125000, 1012,812500, 16,7000, 25,9000
23-07-2018 00:00:00, 20,345833, 81,500000, 1016,004166, 16,5000, 25,8000
24-07-2018 00:00:00, 21,237500, 86,416666, 1015,575000, 16,3000, 27,5000
25-07-2018 00:00:00, 24,195833, 75,000000, 1016,625000, 19,2000, 30,7000
26-07-2018 00:00:00, 24,533333, 68,875000, 1018,937500, 20,3000, 29,0000
27-07-2018 00:00:00, 24,891666, 64,541666, 1017,683333, 20,4000, 29,9000
28-07-2018 00:00:00, 23,516666, 77,791666, 1009,808333, 19,8000, 29,8000
29-07-2018 00:00:00, 21,300000, 65,541666, 1014,454166, 18,6000, 24,5000
30-07-2018 00:00:00, 23,684210, 74,421052, 1015,830000, 21,6000, 26,3000
31-07-2018 00:00:00, 24,350000, 66,250000, 1016,183333, 20,4000, 27,4000
01-08-2018 00:00:00, 21,441666, 67,583333, 1021,491666, 18,3000, 25,1000
02-08-2018 00:00:00, 21,943478, 64,173913, 1023,516666, 17,5000, 26,7000
03-08-2018 00:00:00, 22,770833, 67,333333, 1021,766666, 17,5000, 27,9000
04-08-2018 00:00:00, 21,008333, 75,666666, 1018,979166, 17,5000, 25,6000
05-08-2018 00:00:00, 18,958333, 67,875000, 1019,670833, 16,5000, 23,1000
06-08-2018 00:00:00, 20,245833, 72,333333, 1016,870833, 16,1000, 24,8000
07-08-2018 00:00:00, 23,479166, 62,291666, 1011,195833, 17,3000, 29,5000
08-08-2018 00:00:00, 23,587500, 68,958333, 1009,120833, 19,4000, 28,3000
09-08-2018 00:00:00, 20,858333, 72,125000, 1012,733333, 17,2000, 24,8000
10-08-2018 00:00:00, 19,162500, 70,833333, 1013,787500, 17,4000, 22,1000
11-08-2018 00:00:00, 16,591666, 75,333333, 1014,958333, 14,0000, 19,8000
12-08-2018 00:00:00, 16,443478, 80,826086, 1013,682608, 14,3000, 18,3000
13-08-2018 00:00:00, 19,025000, 83,666666, 1006,808333, 17,3000, 21,4000
14-08-2018 00:00:00, 18,554166, 85,958333, 1007,987500, 17,3000, 20,7000
15-08-2018 00:00:00, 18,945833, 83,250000, 1015,600000, 16,1000, 21,6000
16-08-2018 00:00:00, 20,391666, 79,416666, 1014,583333, 18,9000, 22,4000
17-08-2018 00:00:00, 18,645833, 73,125000, 1016,700000, 15,9000, 21,5000
18-08-2018 00:00:00, 18,637500, 77,833333, 1018,695833, 16,8000, 20,8000
19-08-2018 00:00:00, 19,237500, 83,583333, 1016,595833, 18,1000, 20,5000
20-08-2018 00:00:00, 17,920833, 72,833333, 1015,787500, 14,6000, 20,4000
21-08-2018 00:00:00, 17,429166, 69,625000, 1021,220833, 13,4000, 20,6000
22-08-2018 00:00:00, 20,108333, 74,708333, 1017,079166, 18,0000, 23,2000
23-08-2018 00:00:00, 19,429166, 84,833333, 1009,870833, 17,0000, 21,5000
24-08-2018 00:00:00, 16,408333, 78,208333, 1005,670833, 13,7000, 19,5000
25-08-2018 00:00:00, 14,437500, 76,875000, 1006,333333, 13,1000, 15,8000
26-08-2018 00:00:00, 15,620833, 66,458333, 1011,500000, 13,1000, 18,1000
27-08-2018 00:00:00, 16,120833, 78,458333, 1006,800000, 13,5000, 18,6000
28-08-2018 00:00:00, 16,854166, 75,541666, 1017,216666, 14,1000, 19,6000
29-08-2018 00:00:00, 17,979166, 72,583333, 1015,816666, 13,9000, 22,3000
30-08-2018 00:00:00, 16,216666, 87,708333, 1015,200000, 13,7000, 17,8000
31-08-2018 00:00:00, 15,970833, 83,916666, 1020,233333, 13,2000, 20,7000
01-09-2018 00:00:00, 15,850000, 79,916666, 1026,316666, 12,4000, 19,4000
02-09-2018 00:00:00, 16,466666, 82,958333, 1028,079166, 12,1000, 21,1000
03-09-2018 00:00:00, 18,304166, 85,125000, 1022,420833, 14,9000, 23,1000
04-09-2018 00:00:00, 17,141666, 86,291666, 1020,066666, 13,7000, 21,0000
05-09-2018 00:00:00, 17,379166, 84,458333, 1020,395833, 13,9000, 21,1000
06-09-2018 00:00:00, 18,133333, 82,791666, 1014,241666, 14,7000, 21,6000
07-09-2018 00:00:00, 16,504166, 87,000000, 1009,558333, 13,9000, 19,3000
08-09-2018 00:00:00, 15,495833, 79,250000, 1014,216666, 12,3000, 18,1000
09-09-2018 00:00:00, 17,150000, 81,041666, 1018,158333, 15,1000, 20,5000
10-09-2018 00:00:00, 17,550000, 74,541666, 1017,908333, 16,0000, 18,9000
11-09-2018 00:00:00, 16,025000, 86,458333, 1014,495833, 14,2000, 17,9000
12-09-2018 00:00:00, 14,666666, 78,083333, 1018,008333, 12,9000, 16,1000
13-09-2018 00:00:00, 15,100000, 73,000000, 1020,166666, 12,7000, 17,5000
14-09-2018 00:00:00, 15,420833, 79,416666, 1017,379166, 13,9000, 16,9000
15-09-2018 00:00:00, 14,241666, 78,208333, 1018,675000, 12,0000, 16,3000
16-09-2018 00:00:00, 15,612500, 78,625000, 1019,808333, 12,9000, 18,5000
17-09-2018 00:00:00, 17,291666, 88,208333, 1016,470833, 16,3000, 19,1000
18-09-2018 00:00:00, 18,062500, 81,458333, 1011,366666, 15,0000, 22,0000
19-09-2018 00:00:00, 18,120833, 85,458333, 1013,187500, 16,5000, 20,2000
20-09-2018 00:00:00, 16,883333, 90,208333, 1011,533333, 14,7000, 18,7000
21-09-2018 00:00:00, 15,795833, 77,666666, 1000,400000, 11,8000, 19,6000
22-09-2018 00:00:00, 12,762500, 73,583333, 1010,104166, 11,1000, 15,0000
23-09-2018 00:00:00, 11,479166, 72,291666, 1011,083333, 9,8000, 14,0000
24-09-2018 00:00:00, 10,525000, 64,666666, 1024,066666, 8,8000, 12,8000
25-09-2018 00:00:00, 11,183333, 71,541666, 1034,650000, 7,6000, 14,2000
26-09-2018 00:00:00, 14,200000, 87,833333, 1024,404166, 12,3000, 15,5000
27-09-2018 00:00:00, 15,183333, 90,833333, 1020,362500, 12,0000, 16,8000
28-09-2018 00:00:00, 11,225000, 68,416666, 1023,779166, 8,8000, 14,1000
29-09-2018 00:00:00, 11,554166, 75,875000, 1024,720833, 8,0000, 14,2000
30-09-2018 00:00:00, 12,904166, 78,708333, 1013,608333, 10,9000, 14,8000
01-10-2018 00:00:00, 10,116666, 77,458333, 1012,012500, 8,3000, 12,8000
02-10-2018 00:00:00, 10,133333, 80,125000, 1006,512500, 7,9000, 13,3000
03-10-2018 00:00:00, 10,716666, 73,000000, 1015,683333, 9,2000, 13,7000
04-10-2018 00:00:00, 12,558333, 90,958333, 1020,825000, 9,8000, 14,7000
05-10-2018 00:00:00, 13,795833, 93,666666, 1016,433333, 12,3000, 15,2000
06-10-2018 00:00:00, 11,625000, 92,541666, 1009,991666, 7,3000, 15,5000
07-10-2018 00:00:00, 9,916666, 75,000000, 1018,358333, 7,2000, 12,7000
08-10-2018 00:00:00, 11,954166, 81,958333, 1019,016666, 10,3000, 13,6000
09-10-2018 00:00:00, 13,183333, 89,666666, 1019,225000, 11,8000, 14,7000
10-10-2018 00:00:00, 13,554166, 84,833333, 1021,933333, 9,9000, 16,7000
11-10-2018 00:00:00, 15,641666, 75,083333, 1016,391666, 13,5000, 18,2000
12-10-2018 00:00:00, 15,195833, 82,041666, 1018,637500, 12,8000, 17,9000
13-10-2018 00:00:00, 16,354166, 82,208333, 1019,054166, 14,4000, 19,1000
14-10-2018 00:00:00, 15,304166, 78,666666, 1012,058333, 13,3000, 17,0000
15-10-2018 00:00:00, 14,675000, 81,541666, 1013,008333, 12,1000, 19,4000
16-10-2018 00:00:00, 13,608333, 94,625000, 1017,608333, 11,2000, 15,7000
17-10-2018 00:00:00, 14,379166, 94,250000, 1018,900000, 13,0000, 16,8000
18-10-2018 00:00:00, 12,237500, 79,458333, 1023,979166, 9,4000, 13,9000
19-10-2018 00:00:00, 10,437500, 75,166666, 1026,091666, 8,0000, 12,1000
20-10-2018 00:00:00, 11,812500, 78,083333, 1026,983333, 9,6000, 14,3000
21-10-2018 00:00:00, 12,812500, 92,000000, 1025,016666, 11,3000, 14,4000
22-10-2018 00:00:00, 10,616666, 76,250000, 1025,741666, 9,3000, 13,2000
23-10-2018 00:00:00, 11,512500, 82,958333, 1008,825000, 9,5000, 12,9000
24-10-2018 00:00:00, 10,175000, 71,791666, 1014,195833, 8,7000, 11,8000
25-10-2018 00:00:00, 10,412500, 79,750000, 1009,158333, 8,3000, 12,1000
26-10-2018 00:00:00, 9,845833, 84,083333, 999,637500, 7,3000, 11,6000
27-10-2018 00:00:00, 5,433333, 80,041666, 1006,337500, 2,5000, 7,5000
28-10-2018 00:00:00, 3,329166, 84,125000, 1020,808333, 1,1000, 5,7000
29-10-2018 00:00:00, 4,979166, 85,833333, 1012,841666, 3,4000, 6,6000
30-10-2018 00:00:00, 8,920833, 89,416666, 993,012500, 6,1000, 12,4000
31-10-2018 00:00:00, 9,195833, 82,958333, 1010,183333, 6,1000, 11,1000
01-11-2018 00:00:00, 9,883333, 83,375000, 1012,933333, 6,6000, 13,3000
02-11-2018 00:00:00, 9,929166, 89,291666, 1016,470833, 8,0000, 11,7000
03-11-2018 00:00:00, 8,900000, 83,750000, 1027,158333, 7,7000, 9,8000
04-11-2018 00:00:00, 8,266666, 90,166666, 1020,508333, 5,1000, 9,4000
05-11-2018 00:00:00, 9,616666, 96,125000, 1013,645833, 8,3000, 10,6000
06-11-2018 00:00:00, 8,783333, 97,708333, 1009,716666, 7,0000, 10,0000
07-11-2018 00:00:00, 8,487500, 98,833333, 1010,429166, 6,5000, 10,3000
08-11-2018 00:00:00, 10,275000, 91,708333, 1018,945833, 8,4000, 11,1000
09-11-2018 00:00:00, 8,212500, 95,083333, 1016,508333, 4,4000, 10,0000
10-11-2018 00:00:00, 10,050000, 93,958333, 1005,941666, 8,9000, 11,0000
11-11-2018 00:00:00, 10,704166, 94,333333, 1006,195833, 10,0000, 11,5000
12-11-2018 00:00:00, 9,766666, 97,541666, 1013,479166, 9,0000, 10,6000
13-11-2018 00:00:00, 9,704166, 93,083333, 1017,275000, 9,0000, 10,6000
14-11-2018 00:00:00, 9,583333, 93,250000, 1025,816666, 9,0000, 10,2000
15-11-2018 00:00:00, 9,458333, 90,458333, 1028,470833, 8,4000, 10,5000
16-11-2018 00:00:00, 8,125000, 86,541666, 1033,691666, 6,7000, 9,6000
17-11-2018 00:00:00, 5,312500, 86,208333, 1039,354166, 2,3000, 7,7000
18-11-2018 00:00:00, 5,350000, 89,291666, 1035,845833, 2,4000, 7,7000
19-11-2018 00:00:00, 5,325000, 79,541666, 1030,058333, 4,3000, 6,1000
20-11-2018 00:00:00, 4,995833, 83,291666, 1023,108333, 4,0000, 6,2000
21-11-2018 00:00:00, 5,387500, 74,458333, 1025,083333, 4,1000, 6,7000
22-11-2018 00:00:00, 3,904166, 78,208333, 1025,883333, 0,7000, 5,1000
23-11-2018 00:00:00, 0,858333, 96,333333, 1021,745833, 0,2000, 1,8000
24-11-2018 00:00:00, 2,754166, 94,625000, 1015,787500, 1,7000, 3,6000
25-11-2018 00:00:00, 3,154166, 89,416666, 1016,491666, 1,9000, 4,3000
26-11-2018 00:00:00, 1,320833, 88,833333, 1018,787500, -0,5000, 3,8000
27-11-2018 00:00:00, 0,873913, 81,347826, 1023,982608, -1,5000, 2,7000
28-11-2018 00:00:00, 2,979166, 74,625000, 1023,345833, 1,0000, 4,1000
29-11-2018 00:00:00, 4,666666, 92,916666, 1012,029166, 3,2000, 6,4000
30-11-2018 00:00:00, 7,045833, 89,708333, 1008,066666, 6,3000, 7,9000
01-12-2018 00:00:00, 6,570833, 94,416666, 1008,079166, 5,9000, 7,3000
02-12-2018 00:00:00, 6,912500, 98,958333, 996,175000, 6,4000, 7,8000
03-12-2018 00:00:00, 7,979166, 95,291666, 993,358333, 6,9000, 8,9000
04-12-2018 00:00:00, 5,391666, 78,083333, 1012,075000, 3,9000, 7,6000
05-12-2018 00:00:00, 5,129166, 87,208333, 1021,862500, 3,9000, 6,3000
06-12-2018 00:00:00, 5,870833, 96,041666, 1010,187500, 4,4000, 7,8000
07-12-2018 00:00:00, 7,954166, 97,833333, 997,212500, 6,8000, 9,2000
08-12-2018 00:00:00, 7,116666, 89,458333, 987,475000, 5,4000, 8,1000
09-12-2018 00:00:00, 6,600000, 86,708333, 988,995833, 5,6000, 7,4000
10-12-2018 00:00:00, 5,483333, 77,125000, 1006,791666, 4,5000, 7,0000
11-12-2018 00:00:00, 4,687500, 78,250000, 1018,991666, 4,0000, 5,2000
12-12-2018 00:00:00, 3,416666, 84,708333, 1028,733333, 0,3000, 4,8000
13-12-2018 00:00:00, 1,979166, 83,958333, 1028,270833, 0,5000, 3,2000
14-12-2018 00:00:00, 1,262500, 90,750000, 1028,825000, -0,6000, 2,9000
15-12-2018 00:00:00, 1,150000, 78,291666, 1028,125000, 0,5000, 2,1000
16-12-2018 00:00:00, 0,987500, 76,500000, 1015,733333, -0,1000, 2,3000
17-12-2018 00:00:00, 0,883333, 83,958333, 1019,275000, 0,1000, 1,6000
18-12-2018 00:00:00, 3,741666, 96,583333, 1021,212500, 1,6000, 5,3000
19-12-2018 00:00:00, 3,933333, 93,250000, 1012,775000, 3,4000, 4,7000
20-12-2018 00:00:00, 4,533333, 98,291666, 1011,100000, 4,0000, 5,4000
21-12-2018 00:00:00, 5,300000, 97,458333, 1000,700000, 4,6000, 5,8000
22-12-2018 00:00:00, 3,345833, 92,916666, 1007,962500, 2,8000, 4,7000
23-12-2018 00:00:00, 3,937500, 96,416666, 1013,525000, 0,9000, 6,0000
24-12-2018 00:00:00, 3,133333, 87,416666, 1024,933333, 0,7000, 5,7000
25-12-2018 00:00:00, 6,062500, 83,625000, 1025,683333, 5,2000, 7,2000
26-12-2018 00:00:00, 6,700000, 93,500000, 1024,279166, 5,2000, 7,9000
27-12-2018 00:00:00, 6,941666, 98,666666, 1021,137500, 6,3000, 7,6000
28-12-2018 00:00:00, 6,716666, 91,291666, 1023,454166, 6,0000, 7,6000
29-12-2018 00:00:00, 6,687500, 97,833333, 1018,854166, 5,8000, 7,9000
30-12-2018 00:00:00, 5,804166, 86,666666, 1024,612500, 4,5000, 7,9000
31-12-2018 00:00:00, 6,200000, 96,791666, 1026,087500, 4,6000, 7,6000
01-01-2019 00:00:00, 6,329166, 73,875000, 1014,354166, 3,8000, 8,4000
02-01-2019 00:00:00, 3,958333, 62,791666, 1030,716666, 2,1000, 5,4000
03-01-2019 00:00:00, 2,000000, 80,750000, 1035,395833, 0,3000, 4,4000
04-01-2019 00:00:00, 5,870833, 89,791666, 1026,320833, 4,1000, 7,8000
05-01-2019 00:00:00, 5,712500, 92,791666, 1023,341666, 1,1000, 7,8000
06-01-2019 00:00:00, 3,545833, 98,166666, 1027,758333, 0,3000, 6,6000
07-01-2019 00:00:00, 5,870833, 92,916666, 1019,275000, 5,0000, 7,7000
08-01-2019 00:00:00, 5,070833, 84,041666, 999,845833, 3,3000, 7,2000
09-01-2019 00:00:00, 2,920833, 75,250000, 1017,041666, 1,5000, 3,7000
10-01-2019 00:00:00, 1,941666, 89,625000, 1023,358333, 0,2000, 4,6000
11-01-2019 00:00:00, 5,787500, 87,833333, 1014,550000, 3,8000, 7,2000
12-01-2019 00:00:00, 5,466666, 90,916666, 1005,466666, 3,8000, 6,7000
13-01-2019 00:00:00, 6,183333, 88,625000, 991,416666, 4,0000, 8,0000
14-01-2019 00:00:00, 2,608333, 64,166666, 1002,662500, 0,7000, 4,5000
15-01-2019 00:00:00, 5,475000, 90,291666, 1005,004166, 2,9000, 7,3000
16-01-2019 00:00:00, 6,175000, 93,791666, 998,062500, 4,9000, 6,9000
17-01-2019 00:00:00, 3,229166, 83,500000, 995,583333, 0,1000, 5,2000
18-01-2019 00:00:00, 1,550000, 75,083333, 1014,525000, -0,8000, 3,2000
19-01-2019 00:00:00, 2,037500, 88,416666, 1018,404166, 0,7000, 2,8000
20-01-2019 00:00:00, 1,900000, 81,375000, 1019,758333, 0,8000, 2,8000
21-01-2019 00:00:00, 2,654166, 87,750000, 1016,691666, 0,8000, 5,1000
22-01-2019 00:00:00, 1,225000, 89,833333, 1007,858333, 0,3000, 2,8000
23-01-2019 00:00:00, -1,487500, 82,208333, 1005,450000, -3,5000, 0,9000
24-01-2019 00:00:00, -3,433333, 80,958333, 1013,658333, -4,3000, -2,4000
25-01-2019 00:00:00, -2,691666, 79,833333, 1011,625000, -3,7000, -1,8000
26-01-2019 00:00:00, 1,916666, 98,541666, 997,891666, -2,3000, 3,8000
27-01-2019 00:00:00, 3,566666, 99,875000, 983,716666, 3,1000, 3,9000
28-01-2019 00:00:00, 1,916666, 92,916666, 990,508333, -0,5000, 3,7000
29-01-2019 00:00:00, 1,191666, 89,041666, 999,891666, -1,4000, 2,9000
30-01-2019 00:00:00, 1,258333, 80,958333, 999,475000, -0,1000, 2,6000
31-01-2019 00:00:00, 0,825000, 83,041666, 998,770833, -0,5000, 2,0000
01-02-2019 00:00:00, 0,616666, 84,333333, 998,108333, -1,3000, 2,2000
02-02-2019 00:00:00, 1,041666, 91,791666, 1001,487500, -0,1000, 1,8000
03-02-2019 00:00:00, 1,733333, 87,166666, 1015,450000, 0,8000, 3,6000
04-02-2019 00:00:00, 1,879166, 90,833333, 1018,945833, 1,0000, 2,8000
05-02-2019 00:00:00, 3,970833, 91,000000, 1020,141666, 2,4000, 6,0000
06-02-2019 00:00:00, 2,870833, 98,750000, 1018,479166, 2,0000, 3,8000
07-02-2019 00:00:00, 4,091666, 93,208333, 1004,179166, 3,0000, 6,0000
08-02-2019 00:00:00, 4,704166, 93,291666, 1002,758333, 3,9000, 5,7000
09-02-2019 00:00:00, 5,408333, 88,916666, 993,308333, 4,3000, 6,2000
10-02-2019 00:00:00, 4,254166, 95,000000, 992,312500, 3,2000, 5,4000
11-02-2019 00:00:00, 4,254166, 74,083333, 1008,487500, 2,1000, 6,2000
12-02-2019 00:00:00, 3,220833, 81,250000, 1026,175000, 1,4000, 5,4000
13-02-2019 00:00:00, 5,733333, 95,708333, 1028,312500, 4,1000, 7,4000
14-02-2019 00:00:00, 4,275000, 98,625000, 1032,562500, 3,7000, 5,4000
15-02-2019 00:00:00, 4,337500, 87,375000, 1030,366666, 0,5000, 8,6000
16-02-2019 00:00:00, 4,966666, 86,416666, 1021,775000, 3,3000, 6,7000
17-02-2019 00:00:00, 5,766666, 96,125000, 1021,250000, 4,4000, 9,5000
18-02-2019 00:00:00, 5,504166, 90,000000, 1015,508333, 3,7000, 8,8000
19-02-2019 00:00:00, 5,475000, 92,041666, 1010,220833, 4,4000, 7,0000
20-02-2019 00:00:00, 5,004166, 95,250000, 1017,204166, 4,1000, 5,8000
21-02-2019 00:00:00, 6,050000, 96,625000, 1021,187500, 4,9000, 7,3000
22-02-2019 00:00:00, 3,404166, 83,208333, 1039,620833, 1,7000, 6,2000
23-02-2019 00:00:00, 2,875000, 80,250000, 1041,116666, 1,9000, 4,1000
24-02-2019 00:00:00, 4,295833, 84,666666, 1037,916666, 1,1000, 8,6000
25-02-2019 00:00:00, 3,050000, 98,166666, 1036,908333, -0,2000, 7,2000
26-02-2019 00:00:00, 5,116666, 85,541666, 1033,158333, 2,2000, 9,6000
27-02-2019 00:00:00, 5,391666, 83,291666, 1022,458333, 2,4000, 8,7000
28-02-2019 00:00:00, 5,141666, 89,041666, 1011,141666, 2,9000, 9,6000
01-03-2019 00:00:00, 3,900000, 82,086956, 1012,313043, 1,5000, 6,5000
02-03-2019 00:00:00, 3,229166, 90,375000, 1010,691666, -0,6000, 5,4000
03-03-2019 00:00:00, 6,087500, 90,958333, 997,370833, 4,9000, 8,1000
04-03-2019 00:00:00, 6,175000, 91,708333, 981,900000, 4,7000, 8,2000
05-03-2019 00:00:00, 6,058333, 83,875000, 996,629166, 4,3000, 7,6000
06-03-2019 00:00:00, 4,904166, 94,208333, 1000,612500, 3,9000, 6,4000
07-03-2019 00:00:00, 6,266666, 92,041666, 988,275000, 5,5000, 7,7000
08-03-2019 00:00:00, 5,700000, 76,375000, 998,325000, 3,8000, 7,5000
09-03-2019 00:00:00, 5,250000, 81,833333, 997,241666, 3,6000, 7,5000
10-03-2019 00:00:00, 4,762500, 73,250000, 1000,133333, 1,4000, 7,0000
11-03-2019 00:00:00, 3,945833, 78,000000, 1009,050000, 1,2000, 7,3000
12-03-2019 00:00:00, 4,058333, 90,791666, 1006,729166, 2,4000, 5,2000
13-03-2019 00:00:00, 5,037500, 90,833333, 990,116666, 3,8000, 5,9000
14-03-2019 00:00:00, 5,045833, 92,250000, 991,095833, 4,4000, 6,0000
15-03-2019 00:00:00, 5,458333, 88,791666, 991,758333, 4,3000, 8,1000
16-03-2019 00:00:00, 5,295833, 89,375000, 997,454166, 3,8000, 6,7000
17-03-2019 00:00:00, 5,879166, 83,875000, 991,575000, 3,8000, 7,0000
18-03-2019 00:00:00, 5,570833, 75,375000, 1004,679166, 3,4000, 8,2000
19-03-2019 00:00:00, 4,679166, 79,583333, 1024,270833, 2,6000, 8,0000
20-03-2019 00:00:00, 5,745833, 94,541666, 1028,408333, 3,9000, 7,9000
21-03-2019 00:00:00, 6,495833, 98,541666, 1030,333333, 5,6000, 7,8000
22-03-2019 00:00:00, 6,166666, 99,250000, 1030,012500, 5,4000, 7,1000
23-03-2019 00:00:00, 6,916666, 81,875000, 1027,120833, 4,1000, 10,7000
24-03-2019 00:00:00, 5,479166, 85,083333, 1023,375000, 3,8000, 8,7000
25-03-2019 00:00:00, 5,479166, 81,291666, 1016,125000, 2,9000, 8,4000
26-03-2019 00:00:00, 6,320833, 77,166666, 1023,741666, 3,6000, 9,8000
27-03-2019 00:00:00, 7,337500, 94,625000, 1027,333333, 5,9000, 10,6000
28-03-2019 00:00:00, 8,895833, 88,125000, 1032,187500, 6,0000, 13,9000
29-03-2019 00:00:00, 7,400000, 87,500000, 1028,779166, 5,5000, 9,9000
30-03-2019 00:00:00, 7,516666, 85,958333, 1020,108333, 5,3000, 11,2000
31-03-2019 00:00:00, 5,962500, 63,500000, 1024,895833, 3,2000, 8,6000
01-04-2019 00:00:00, 4,162500, 71,500000, 1026,733333, -0,9000, 7,2000
02-04-2019 00:00:00, 7,375000, 65,708333, 1010,650000, 3,8000, 11,4000
03-04-2019 00:00:00, 8,537500, 85,000000, 1003,841666, 6,4000, 11,3000
04-04-2019 00:00:00, 8,841666, 77,333333, 1001,241666, 6,2000, 13,2000
05-04-2019 00:00:00, 10,254166, 70,666666, 1006,491666, 4,2000, 16,8000
06-04-2019 00:00:00, 10,562500, 73,458333, 1010,279166, 6,1000, 17,9000
07-04-2019 00:00:00, 9,200000, 78,083333, 1010,945833, 4,7000, 14,5000
08-04-2019 00:00:00, 7,429166, 68,458333, 1015,829166, 4,4000, 10,1000
09-04-2019 00:00:00, 4,529166, 66,458333, 1019,775000, 0,0000, 7,1000
10-04-2019 00:00:00, 3,058333, 69,625000, 1022,708333, 0,1000, 5,9000
11-04-2019 00:00:00, 3,091666, 71,375000, 1028,245833, 0,5000, 6,9000
12-04-2019 00:00:00, 2,133333, 82,708333, 1030,491666, 0,0000, 5,5000
13-04-2019 00:00:00, 3,037500, 70,083333, 1030,233333, -1,0000, 6,5000
14-04-2019 00:00:00, 4,608333, 67,916666, 1031,745833, 1,1000, 8,9000
15-04-2019 00:00:00, 4,945833, 63,833333, 1032,020833, 0,6000, 9,9000
16-04-2019 00:00:00, 5,791666, 63,333333, 1027,216666, 0,4000, 10,5000
17-04-2019 00:00:00, 9,758333, 53,041666, 1030,366666, 4,3000, 15,3000
18-04-2019 00:00:00, 11,125000, 55,625000, 1034,287500, 5,5000, 17,1000
19-04-2019 00:00:00, 10,187500, 63,041666, 1035,825000, 5,9000, 16,9000
20-04-2019 00:00:00, 9,741666, 63,083333, 1033,366666, 4,5000, 14,7000
21-04-2019 00:00:00, 10,433333, 65,791666, 1024,762500, 5,4000, 16,1000
22-04-2019 00:00:00, 11,879166, 56,083333, 1018,808333, 7,5000, 17,5000
23-04-2019 00:00:00, 12,841666, 56,458333, 1012,512500, 9,0000, 16,6000
24-04-2019 00:00:00, 13,462500, 72,583333, 1006,179166, 10,2000, 18,0000
25-04-2019 00:00:00, 13,641666, 76,000000, 1009,512500, 9,9000, 18,4000
26-04-2019 00:00:00, 12,166666, 84,333333, 1010,287500, 10,0000, 16,9000
27-04-2019 00:00:00, 11,137500, 88,083333, 1010,658333, 8,7000, 16,2000
28-04-2019 00:00:00, 11,066666, 88,333333, 1017,312500, 9,5000, 15,5000
29-04-2019 00:00:00, 12,062500, 71,000000, 1023,125000, 8,0000, 16,4000
30-04-2019 00:00:00, 12,750000, 69,916666, 1020,054166, 8,1000, 19,6000
01-05-2019 00:00:00, 8,912500, 89,583333, 1011,987500, 7,6000, 10,7000
02-05-2019 00:00:00, 8,508333, 72,833333, 1003,004166, 5,8000, 11,9000
03-05-2019 00:00:00, 5,916666, 71,875000, 1004,725000, 2,1000, 9,7000
04-05-2019 00:00:00, 5,687500, 67,625000, 1007,050000, 2,7000, 9,9000
05-05-2019 00:00:00, 7,687500, 69,000000, 1014,754166, 4,4000, 11,6000
06-05-2019 00:00:00, 7,087500, 72,000000, 1013,379166, 4,9000, 9,7000
07-05-2019 00:00:00, 6,983333, 67,625000, 1014,787500, 4,1000, 10,2000
08-05-2019 00:00:00, 8,441666, 78,666666, 1005,329166, 3,5000, 12,9000
09-05-2019 00:00:00, 11,220833, 87,833333, 997,954166, 9,3000, 14,9000
10-05-2019 00:00:00, 9,608333, 82,125000, 1006,404166, 6,3000, 10,9000
11-05-2019 00:00:00, 9,229166, 66,208333, 1016,808333, 5,2000, 14,1000
12-05-2019 00:00:00, 9,420833, 64,083333, 1029,950000, 5,7000, 14,7000
13-05-2019 00:00:00, 9,491666, 63,958333, 1037,204166, 6,2000, 13,9000
14-05-2019 00:00:00, 10,050000, 68,041666, 1035,279166, 6,0000, 14,5000
15-05-2019 00:00:00, 10,625000, 64,166666, 1029,600000, 4,4000, 16,0000
16-05-2019 00:00:00, 11,816666, 68,458333, 1022,395833, 6,0000, 17,0000
17-05-2019 00:00:00, 11,154166, 85,041666, 1013,654166, 9,5000, 12,2000
18-05-2019 00:00:00, 14,275000, 83,083333, 1010,587500, 9,1000, 20,5000
19-05-2019 00:00:00, 14,891666, 89,708333, 1009,341666, 11,9000, 19,9000
20-05-2019 00:00:00, 16,112500, 85,000000, 1007,575000, 10,7000, 22,4000
21-05-2019 00:00:00, 15,400000, 92,125000, 1007,575000, 13,3000, 18,4000
22-05-2019 00:00:00, 11,620833, 85,833333, 1014,250000, 9,7000, 15,1000
23-05-2019 00:00:00, 13,058333, 79,166666, 1016,070833, 9,8000, 16,2000
24-05-2019 00:00:00, 12,275000, 76,875000, 1011,600000, 10,6000, 15,3000
25-05-2019 00:00:00, 12,062500, 75,250000, 1013,466666, 10,4000, 15,5000
26-05-2019 00:00:00, 11,920833, 93,416666, 1006,204166, 10,6000, 13,3000
27-05-2019 00:00:00, 12,645833, 81,083333, 1003,658333, 11,2000, 14,1000
28-05-2019 00:00:00, 10,837500, 65,708333, 1009,025000, 7,6000, 14,3000
29-05-2019 00:00:00, 10,475000, 61,250000, 1020,508333, 6,8000, 13,6000
30-05-2019 00:00:00, 12,537500, 87,416666, 1018,012500, 11,5000, 13,6000
31-05-2019 00:00:00, 13,583333, 95,166666, 1020,258333, 12,7000, 15,4000
01-06-2019 00:00:00, 13,908333, 88,083333, 1019,329166, 11,7000, 16,7000
02-06-2019 00:00:00, 16,637500, 79,291666, 1015,308333, 10,5000, 22,5000
03-06-2019 00:00:00, 16,608333, 81,416666, 1011,837500, 12,1000, 20,2000
04-06-2019 00:00:00, 14,775000, 80,583333, 1013,291666, 10,2000, 18,7000
05-06-2019 00:00:00, 18,925000, 80,375000, 1008,454166, 15,0000, 24,2000
06-06-2019 00:00:00, 17,779166, 81,125000, 1008,962500, 12,5000, 22,4000
07-06-2019 00:00:00, 14,837500, 79,666666, 1013,970833, 11,7000, 18,4000
08-06-2019 00:00:00, 15,062500, 81,916666, 1013,275000, 13,0000, 16,8000
09-06-2019 00:00:00, 15,133333, 74,708333, 1021,475000, 13,1000, 17,9000
10-06-2019 00:00:00, 14,133333, 83,875000, 1017,937500, 12,2000, 15,5000
11-06-2019 00:00:00, 16,137500, 90,125000, 1012,120833, 14,0000, 18,3000
12-06-2019 00:00:00, 16,304166, 94,625000, 1010,304166, 15,1000, 18,7000
13-06-2019 00:00:00, 16,825000, 80,041666, 1012,262500, 14,3000, 20,6000
14-06-2019 00:00:00, 17,404166, 84,041666, 1016,558333, 13,9000, 22,5000
15-06-2019 00:00:00, 16,633333, 89,583333, 1012,341666, 14,7000, 19,3000
16-06-2019 00:00:00, 16,433333, 82,583333, 1018,733333, 13,5000, 20,1000
17-06-2019 00:00:00, 18,045833, 79,208333, 1020,812500, 15,2000, 22,3000
18-06-2019 00:00:00, 19,416666, 82,166666, 1015,483333, 16,7000, 23,3000
19-06-2019 00:00:00, 19,462500, 83,333333, 1008,462500, 15,1000, 26,0000
20-06-2019 00:00:00, 17,400000, 86,208333, 1009,212500, 14,2000, 18,9000
21-06-2019 00:00:00, 15,733333, 73,791666, 1017,333333, 12,9000, 19,2000
22-06-2019 00:00:00, 15,216666, 67,458333, 1024,687500, 11,6000, 18,6000
23-06-2019 00:00:00, 16,616666, 71,541666, 1025,383333, 11,1000, 20,9000
24-06-2019 00:00:00, 18,695833, 62,666666, 1025,587500, 12,9000, 23,4000
25-06-2019 00:00:00, 21,508333, 74,791666, 1021,020833, 16,0000, 26,6000
26-06-2019 00:00:00, 20,395833, 77,458333, 1020,562500, 12,7000, 26,8000
27-06-2019 00:00:00, 15,345833, 74,416666, 1024,416666, 12,4000, 19,4000
28-06-2019 00:00:00, 16,400000, 77,041666, 1024,608333, 12,2000, 22,1000
29-06-2019 00:00:00, 17,512500, 78,958333, 1019,600000, 11,5000, 23,7000
30-06-2019 00:00:00, 19,970833, 76,583333, 1010,375000, 15,1000, 24,3000
01-07-2019 00:00:00, 17,087500, 80,583333, 1011,650000, 14,1000, 19,5000
02-07-2019 00:00:00, 13,654166, 65,958333, 1017,795833, 11,2000, 16,4000
03-07-2019 00:00:00, 13,733333, 66,583333, 1021,575000, 11,2000, 17,7000
04-07-2019 00:00:00, 13,166666, 88,333333, 1017,937500, 10,9000, 15,5000
05-07-2019 00:00:00, 14,991666, 81,083333, 1012,400000, 12,4000, 18,9000
06-07-2019 00:00:00, 14,366666, 82,000000, 1005,666666, 12,8000, 17,6000
07-07-2019 00:00:00, 13,395833, 73,750000, 1009,379166, 11,4000, 16,7000
08-07-2019 00:00:00, 14,075000, 71,416666, 1013,933333, 10,6000, 18,3000
09-07-2019 00:00:00, 14,950000, 74,500000, 1016,512500, 10,7000, 19,3000
10-07-2019 00:00:00, 15,483333, 72,166666, 1017,404166, 10,8000, 21,1000
11-07-2019 00:00:00, 15,004166, 89,250000, 1012,850000, 12,4000, 17,6000
12-07-2019 00:00:00, 16,883333, 93,541666, 1010,570833, 15,2000, 20,3000
13-07-2019 00:00:00, 16,675000, 85,958333, 1014,408333, 13,8000, 21,7000
14-07-2019 00:00:00, 14,495833, 83,250000, 1016,487500, 12,8000, 16,6000
15-07-2019 00:00:00, 14,625000, 76,791666, 1014,295833, 12,2000, 18,7000
16-07-2019 00:00:00, 16,466666, 79,916666, 1013,570833, 13,4000, 21,4000
17-07-2019 00:00:00, 15,625000, 86,250000, 1014,920833, 13,2000, 20,3000
18-07-2019 00:00:00, 17,604166, 81,791666, 1012,233333, 12,3000, 21,5000
19-07-2019 00:00:00, 17,887500, 82,041666, 1012,454166, 14,9000, 20,8000
20-07-2019 00:00:00, 18,483333, 81,125000, 1011,741666, 13,5000, 24,4000
21-07-2019 00:00:00, 17,187500, 86,125000, 1016,175000, 15,0000, 18,5000
22-07-2019 00:00:00, 16,275000, 92,791666, 1020,433333, 15,1000, 18,0000
23-07-2019 00:00:00, 20,570833, 81,208333, 1020,554166, 15,9000, 26,6000
24-07-2019 00:00:00, 20,820833, 81,125000, 1018,625000, 16,4000, 24,4000
25-07-2019 00:00:00, 22,879166, 70,000000, 1018,645833, 19,4000, 26,1000
26-07-2019 00:00:00, 22,504166, 67,000000, 1016,870833, 16,0000, 30,0000
27-07-2019 00:00:00, 21,908333, 67,166666, 1011,366666, 17,4000, 27,0000
28-07-2019 00:00:00, 21,566666, 74,958333, 1006,729166, 18,2000, 26,1000
29-07-2019 00:00:00, 22,616666, 81,625000, 1009,783333, 18,9000, 28,7000
30-07-2019 00:00:00, 19,875000, 80,125000, 1011,654166, 17,2000, 25,6000
31-07-2019 00:00:00, 18,491666, 89,375000, 1014,566666, 15,6000, 22,3000
01-08-2019 00:00:00, 18,233333, 85,958333, 1016,583333, 14,7000, 22,8000
02-08-2019 00:00:00, 18,679166, 81,583333, 1015,725000, 16,0000, 21,6000
03-08-2019 00:00:00, 19,462500, 78,791666, 1015,329166, 15,1000, 24,1000
04-08-2019 00:00:00, 17,666666, 71,583333, 1014,929166, 15,3000, 20,6000
05-08-2019 00:00:00, 18,858333, 75,666666, 1010,612500, 15,4000, 21,6000
06-08-2019 00:00:00, 19,475000, 78,583333, 1007,016666, 17,4000, 21,9000
07-08-2019 00:00:00, 18,775000, 79,125000, 1004,825000, 15,9000, 20,6000
08-08-2019 00:00:00, 18,081818, 82,545454, 1006,418181, 16,5000, 20,0000
09-08-2019 00:00:00, 18,229166, 80,750000, 1009,708333, 15,1000, 20,3000
10-08-2019 00:00:00, 19,966666, 82,750000, 1005,416666, 17,5000, 21,1000
11-08-2019 00:00:00, 19,162500, 77,958333, 1010,020833, 17,0000, 20,5000
12-08-2019 00:00:00, 18,195833, 76,791666, 1010,991666, 16,8000, 19,8000
13-08-2019 00:00:00, 15,950000, 75,458333, 1012,162500, 14,3000, 17,8000
14-08-2019 00:00:00, 16,025000, 72,333333, 1013,987500, 13,4000, 18,5000
15-08-2019 00:00:00, 16,700000, 86,750000, 1007,883333, 14,7000, 18,6000
16-08-2019 00:00:00, 17,245833, 79,166666, 1011,962500, 15,7000, 18,9000
17-08-2019 00:00:00, 17,704166, 86,416666, 1005,866666, 16,0000, 19,7000
18-08-2019 00:00:00, 16,916666, 89,875000, 1004,912500, 15,8000, 17,7000
19-08-2019 00:00:00, 17,162500, 84,333333, 1011,650000, 15,1000, 19,2000
20-08-2019 00:00:00, 17,100000, 77,750000, 1019,695833, 15,1000, 19,7000
21-08-2019 00:00:00, 16,983333, 73,666666, 1026,266666, 13,9000, 20,0000
22-08-2019 00:00:00, 18,537500, 72,416666, 1025,191666, 16,2000, 21,2000
23-08-2019 00:00:00, 18,412500, 84,458333, 1025,279166, 16,4000, 21,1000
24-08-2019 00:00:00, 18,641666, 85,791666, 1025,654166, 13,7000, 24,3000
25-08-2019 00:00:00, 21,291666, 72,750000, 1022,883333, 17,3000, 26,9000
26-08-2019 00:00:00, 21,970833, 70,875000, 1021,200000, 18,3000, 26,3000
27-08-2019 00:00:00, 22,366666, 75,541666, 1018,629166, 18,7000, 27,9000
28-08-2019 00:00:00, 22,325000, 83,166666, 1013,287500, 19,4000, 24,8000
29-08-2019 00:00:00, 20,450000, 83,500000, 1016,495833, 17,3000, 22,8000
30-08-2019 00:00:00, 19,316666, 75,875000, 1021,554166, 16,9000, 21,7000
31-08-2019 00:00:00, 21,241666, 78,791666, 1014,087500, 16,0000, 25,7000
01-09-2019 00:00:00, 17,462500, 78,250000, 1010,829166, 13,8000, 22,1000
02-09-2019 00:00:00, 15,583333, 70,041666, 1018,158333, 13,3000, 18,1000
03-09-2019 00:00:00, 16,670833, 84,333333, 1016,800000, 14,6000, 19,8000
04-09-2019 00:00:00, 16,850000, 87,208333, 1011,279166, 13,6000, 19,1000
05-09-2019 00:00:00, 14,104166, 78,500000, 1011,804166, 11,7000, 16,7000
06-09-2019 00:00:00, 14,066666, 85,125000, 1017,016666, 12,1000, 16,0000
07-09-2019 00:00:00, 15,358333, 78,791666, 1015,950000, 13,3000, 18,0000
08-09-2019 00:00:00, 14,133333, 87,333333, 1018,766666, 10,0000, 18,1000
09-09-2019 00:00:00, 14,200000, 89,333333, 1014,333333, 12,1000, 17,0000
10-09-2019 00:00:00, 14,720833, 88,250000, 1012,366666, 13,0000, 17,2000
11-09-2019 00:00:00, 15,087500, 88,291666, 1015,950000, 13,8000, 17,1000
12-09-2019 00:00:00, 16,308333, 82,000000, 1022,029166, 14,5000, 18,5000
13-09-2019 00:00:00, 15,270833, 74,625000, 1028,050000, 12,0000, 17,7000
14-09-2019 00:00:00, 14,291666, 73,500000, 1030,241666, 11,4000, 16,7000
15-09-2019 00:00:00, 14,825000, 76,375000, 1016,183333, 12,5000, 17,4000
16-09-2019 00:00:00, 13,087500, 68,750000, 1016,379166, 11,5000, 15,6000
17-09-2019 00:00:00, 11,412500, 71,833333, 1012,608333, 9,4000, 13,8000
18-09-2019 00:00:00, 11,545833, 72,791666, 1021,216666, 9,9000, 14,8000
19-09-2019 00:00:00, 12,087500, 72,583333, 1027,300000, 9,5000, 15,7000
20-09-2019 00:00:00, 13,304166, 86,291666, 1025,862500, 10,9000, 16,0000
21-09-2019 00:00:00, 14,429166, 85,583333, 1020,895833, 11,5000, 19,4000
22-09-2019 00:00:00, 15,766666, 77,375000, 1013,979166, 12,0000, 21,4000
23-09-2019 00:00:00, 15,125000, 83,625000, 1014,416666, 12,4000, 18,7000
24-09-2019 00:00:00, 14,429166, 93,375000, 1011,350000, 13,0000, 17,7000
25-09-2019 00:00:00, 14,858333, 91,333333, 1006,850000, 13,7000, 16,8000
26-09-2019 00:00:00, 14,683333, 94,791666, 1008,041666, 13,3000, 17,0000
27-09-2019 00:00:00, 15,300000, 92,333333, 1005,091666, 13,7000, 17,0000
28-09-2019 00:00:00, 14,612500, 87,666666, 1003,412500, 13,0000, 15,8000
29-09-2019 00:00:00, 13,925000, 92,583333, 995,662500, 12,9000, 14,6000
30-09-2019 00:00:00, 12,850000, 81,458333, 997,733333, 10,2000, 15,0000
01-10-2019 00:00:00, 10,070833, 74,208333, 1000,191666, 8,7000, 11,0000
02-10-2019 00:00:00, 9,795833, 79,833333, 1003,225000, 7,5000, 13,2000
03-10-2019 00:00:00, 9,320833, 80,333333, 1013,941666, 8,3000, 10,3000
04-10-2019 00:00:00, 9,366666, 80,250000, 1010,291666, 7,7000, 12,2000
05-10-2019 00:00:00, 7,529166, 78,333333, 1019,845833, 4,1000, 10,6000
06-10-2019 00:00:00, 7,225000, 79,208333, 1022,025000, 4,7000, 10,6000
07-10-2019 00:00:00, 7,275000, 74,000000, 1019,362500, 3,4000, 10,4000
08-10-2019 00:00:00, 12,091666, 85,166666, 1001,325000, 9,1000, 15,2000
09-10-2019 00:00:00, 11,520833, 88,791666, 1000,612500, 9,8000, 12,9000
10-10-2019 00:00:00, 11,604166, 87,375000, 1003,687500, 10,1000, 13,4000
11-10-2019 00:00:00, 13,204166, 93,125000, 1001,512500, 11,6000, 14,6000
12-10-2019 00:00:00, 12,854166, 88,250000, 1004,845833, 12,1000, 14,2000
13-10-2019 00:00:00, 12,512500, 95,166666, 1007,504166, 11,3000, 15,6000
14-10-2019 00:00:00, 12,908333, 81,833333, 1011,908333, 10,5000, 15,0000
15-10-2019 00:00:00, 12,650000, 92,750000, 1006,908333, 10,6000, 14,7000
16-10-2019 00:00:00, 12,595833, 97,416666, 1006,725000, 10,6000, 13,2000
17-10-2019 00:00:00, 12,650000, 93,500000, 1008,141666, 10,5000, 13,8000
18-10-2019 00:00:00, 12,183333, 93,000000, 1004,033333, 10,7000, 13,8000
19-10-2019 00:00:00, 11,904166, 87,166666, 1004,354166, 10,7000, 13,2000
20-10-2019 00:00:00, 10,895833, 94,458333, 1010,695833, 8,9000, 12,1000
21-10-2019 00:00:00, 11,033333, 98,083333, 1017,900000, 9,1000, 12,3000
22-10-2019 00:00:00, 12,166666, 90,583333, 1020,062500, 11,4000, 13,5000
23-10-2019 00:00:00, 11,412500, 90,250000, 1018,091666, 10,1000, 12,5000
24-10-2019 00:00:00, 12,204166, 96,291666, 1007,854166, 11,4000, 13,6000
25-10-2019 00:00:00, 12,745833, 86,166666, 1011,562500, 11,3000, 14,3000
26-10-2019 00:00:00, 13,662500, 91,291666, 1005,337500, 12,9000, 14,8000
27-10-2019 00:00:00, 10,458333, 80,250000, 1010,312500, 8,6000, 13,4000
28-10-2019 00:00:00, 8,979166, 77,583333, 1018,041666, 6,6000, 11,5000
29-10-2019 00:00:00, 6,533333, 80,958333, 1027,491666, 3,3000, 9,7000
30-10-2019 00:00:00, 6,133333, 74,333333, 1030,604166, 1,9000, 8,8000
31-10-2019 00:00:00, 7,825000, 74,625000, 1025,979166, 6,9000, 9,3000
01-11-2019 00:00:00, 6,495833, 81,208333, 1008,975000, 5,5000, 7,7000
02-11-2019 00:00:00, 9,379166, 95,666666, 988,654166, 6,9000, 11,8000
03-11-2019 00:00:00, 10,266666, 92,625000, 988,033333, 9,4000, 11,8000
04-11-2019 00:00:00, 9,595833, 95,208333, 989,837500, 8,0000, 11,1000
05-11-2019 00:00:00, 6,704166, 93,625000, 997,225000, 5,4000, 8,2000
06-11-2019 00:00:00, 5,316666, 91,500000, 1000,945833, 4,6000, 6,4000
07-11-2019 00:00:00, 5,437500, 89,250000, 1002,395833, 3,5000, 8,0000
08-11-2019 00:00:00, 7,058333, 91,791666, 1006,350000, 4,9000, 9,0000
09-11-2019 00:00:00, 5,270833, 98,708333, 1007,420833, 2,7000, 7,4000
10-11-2019 00:00:00, 5,954166, 92,083333, 1011,275000, 1,9000, 8,6000
11-11-2019 00:00:00, 6,600000, 86,833333, 1005,595833, 5,1000, 8,0000
12-11-2019 00:00:00, 6,554166, 82,250000, 999,525000, 5,6000, 7,7000
13-11-2019 00:00:00, 6,195833, 85,583333, 998,541666, 5,3000, 7,1000
14-11-2019 00:00:00, 5,691666, 94,083333, 1007,833333, 4,3000, 7,3000
15-11-2019 00:00:00, 6,758333, 91,208333, 1009,929166, 3,9000, 8,4000
16-11-2019 00:00:00, 8,225000, 98,291666, 1003,412500, 7,4000, 8,8000
17-11-2019 00:00:00, 6,162500, 88,375000, 1013,262500, 4,8000, 7,8000
18-11-2019 00:00:00, 8,120833, 94,083333, 1004,862500, 6,0000, 9,5000
19-11-2019 00:00:00, 7,458333, 90,666666, 1008,550000, 6,1000, 8,9000
20-11-2019 00:00:00, 6,362500, 93,375000, 1018,425000, 4,1000, 8,4000
21-11-2019 00:00:00, 6,262500, 93,833333, 1013,458333, 3,6000, 8,7000
22-11-2019 00:00:00, 7,900000, 94,791666, 1009,300000, 6,9000, 8,6000
23-11-2019 00:00:00, 7,766666, 90,375000, 1010,483333, 6,8000, 8,9000
24-11-2019 00:00:00, 6,641666, 90,291666, 1012,362500, 6,3000, 7,0000
25-11-2019 00:00:00, 5,529166, 95,500000, 1011,804166, 4,7000, 6,5000
26-11-2019 00:00:00, 6,625000, 95,458333, 1004,258333, 5,6000, 7,9000
27-11-2019 00:00:00, 7,729166, 97,291666, 992,700000, 7,1000, 8,2000
28-11-2019 00:00:00, 7,912500, 97,166666, 984,208333, 6,1000, 8,5000
29-11-2019 00:00:00, 4,125000, 74,666666, 1002,758333, 2,9000, 6,5000
30-11-2019 00:00:00, 4,200000, 83,333333, 1019,145833, 2,9000, 6,1000
01-12-2019 00:00:00, 4,416666, 86,458333, 1020,295833, 3,1000, 5,8000
02-12-2019 00:00:00, 4,129166, 81,916666, 1019,591666, 2,4000, 5,9000
03-12-2019 00:00:00, 6,137500, 93,208333, 1021,720833, 2,4000, 8,2000
04-12-2019 00:00:00, 7,545833, 89,583333, 1018,520833, 6,8000, 8,3000
05-12-2019 00:00:00, 7,187500, 91,708333, 1011,983333, 6,4000, 7,9000
06-12-2019 00:00:00, 7,550000, 97,458333, 998,283333, 6,3000, 8,9000
07-12-2019 00:00:00, 7,825000, 88,000000, 1000,779166, 6,0000, 8,8000
08-12-2019 00:00:00, 8,004166, 88,375000, 990,875000, 6,0000, 9,5000
09-12-2019 00:00:00, 6,370833, 83,208333, 994,700000, 4,3000, 7,5000
10-12-2019 00:00:00, 5,029166, 78,916666, 1014,933333, 3,5000, 6,4000
11-12-2019 00:00:00, 5,979166, 91,541666, 1004,104166, 4,8000, 6,8000
12-12-2019 00:00:00, 5,287500, 89,583333, 996,537500, 4,3000, 5,9000
13-12-2019 00:00:00, 3,679166, 83,000000, 983,658333, 2,2000, 5,2000
14-12-2019 00:00:00, 4,612500, 90,041666, 981,504166, 2,2000, 6,3000
15-12-2019 00:00:00, 5,758333, 84,500000, 990,850000, 4,4000, 6,8000
16-12-2019 00:00:00, 6,275000, 90,541666, 1003,066666, 5,2000, 7,0000
17-12-2019 00:00:00, 6,704166, 96,416666, 1000,370833, 5,7000, 8,4000
18-12-2019 00:00:00, 6,525000, 89,166666, 1011,491666, 5,5000, 8,2000
19-12-2019 00:00:00, 6,229166, 92,541666, 1011,150000, 4,4000, 7,4000
20-12-2019 00:00:00, 6,434782, 92,913043, 992,408695, 5,0000, 9,6000
21-12-2019 00:00:00, 6,779166, 93,291666, 989,016666, 5,7000, 7,5000
22-12-2019 00:00:00, 4,804166, 94,833333, 987,325000, 3,8000, 5,9000
23-12-2019 00:00:00, 6,354166, 94,625000, 997,883333, 4,7000, 7,8000
24-12-2019 00:00:00, 6,316666, 94,041666, 1006,016666, 5,3000, 7,0000
25-12-2019 00:00:00, 5,770833, 91,416666, 1014,641666, 5,1000, 6,5000
26-12-2019 00:00:00, 4,312500, 90,333333, 1022,220833, 0,5000, 6,4000
27-12-2019 00:00:00, 2,145833, 85,541666, 1033,333333, -0,5000, 4,0000
28-12-2019 00:00:00, 1,445833, 81,000000, 1041,200000, -0,7000, 2,5000
29-12-2019 00:00:00, 3,329166, 87,375000, 1032,958333, 1,3000, 5,3000
30-12-2019 00:00:00, 6,608333, 88,000000, 1021,283333, 5,1000, 7,9000
31-12-2019 00:00:00, 6,187500, 81,833333, 1027,429166, 4,0000, 7,9000
01-01-2020 00:00:00, 4,556521, 84,521739, 1029,782608, 2,2000, 5,8000
02-01-2020 00:00:00, 3,037500, 95,333333, 1021,175000, 2,3000, 4,2000
03-01-2020 00:00:00, 5,758333, 91,958333, 1011,429166, 4,0000, 7,2000
04-01-2020 00:00:00, 5,245833, 77,750000, 1018,200000, 2,8000, 7,0000
05-01-2020 00:00:00, 4,987500, 86,666666, 1028,320833, 2,5000, 6,3000
06-01-2020 00:00:00, 5,970833, 95,875000, 1021,304166, 5,0000, 6,6000
07-01-2020 00:00:00, 5,979166, 91,625000, 1018,195833, 4,1000, 7,4000
08-01-2020 00:00:00, 7,113043, 92,043478, 1015,839130, 5,5000, 8,7000
09-01-2020 00:00:00, 6,279166, 96,833333, 1010,025000, 4,5000, 8,7000
10-01-2020 00:00:00, 5,416666, 93,833333, 1012,675000, 4,4000, 6,9000
11-01-2020 00:00:00, 5,237500, 88,041666, 1022,045833, 2,9000, 6,5000
12-01-2020 00:00:00, 6,050000, 96,541666, 1012,179166, 5,4000, 6,8000
13-01-2020 00:00:00, 5,700000, 93,375000, 1013,420833, 5,0000, 6,5000
14-01-2020 00:00:00, 6,987500, 91,958333, 1000,125000, 5,5000, 9,7000
15-01-2020 00:00:00, 8,295833, 90,208333, 1004,575000, 6,0000, 10,2000
16-01-2020 00:00:00, 6,366666, 92,750000, 1021,279166, 5,7000, 7,1000
17-01-2020 00:00:00, 6,378260, 93,000000, 1013,760869, 5,7000, 7,6000
18-01-2020 00:00:00, 5,725000, 88,833333, 1015,720833, 4,5000, 7,0000
19-01-2020 00:00:00, 4,808333, 83,208333, 1033,575000, 3,5000, 6,6000
20-01-2020 00:00:00, 5,691666, 93,625000, 1041,575000, 4,0000, 6,9000
21-01-2020 00:00:00, 6,416666, 91,166666, 1034,925000, 5,9000, 7,1000
22-01-2020 00:00:00, 5,645833, 90,291666, 1031,625000, 3,8000, 7,2000
23-01-2020 00:00:00, 5,183333, 98,375000, 1028,970833, 3,4000, 5,8000
24-01-2020 00:00:00, 6,179166, 95,958333, 1018,720833, 5,7000, 7,0000
25-01-2020 00:00:00, 5,895833, 97,666666, 1017,595833, 5,0000, 6,4000
26-01-2020 00:00:00, 4,245833, 93,708333, 1014,308333, 3,6000, 5,1000
27-01-2020 00:00:00, 5,658333, 96,291666, 1003,058333, 4,1000, 6,7000
28-01-2020 00:00:00, 5,508333, 93,583333, 987,483333, 4,8000, 6,2000
29-01-2020 00:00:00, 5,391666, 85,375000, 995,487500, 4,3000, 7,3000
30-01-2020 00:00:00, 6,529166, 95,291666, 996,629166, 5,1000, 7,6000
31-01-2020 00:00:00, 7,400000, 92,750000, 997,525000, 6,3000, 8,7000
01-02-2020 00:00:00, 7,604166, 93,083333, 994,025000, 6,8000, 8,6000
02-02-2020 00:00:00, 5,437500, 83,416666, 1001,879166, 4,3000, 7,1000
03-02-2020 00:00:00, 5,762500, 91,708333, 1002,250000, 4,3000, 7,6000
04-02-2020 00:00:00, 4,300000, 82,250000, 1007,804166, 2,0000, 6,3000
05-02-2020 00:00:00, 3,962500, 79,375000, 1029,395833, 0,5000, 6,6000
06-02-2020 00:00:00, 6,204166, 89,583333, 1026,262500, 4,8000, 7,8000
07-02-2020 00:00:00, 5,129166, 93,291666, 1027,612500, 4,5000, 6,2000
08-02-2020 00:00:00, 4,800000, 87,500000, 1017,904166, 3,5000, 6,0000
09-02-2020 00:00:00, 7,241666, 87,791666, 993,275000, 5,6000, 9,7000
10-02-2020 00:00:00, 6,254166, 81,833333, 979,854166, 2,7000, 8,2000
11-02-2020 00:00:00, 4,470833, 84,291666, 986,304166, 1,9000, 6,0000
12-02-2020 00:00:00, 4,204166, 86,416666, 997,483333, 2,1000, 5,5000
13-02-2020 00:00:00, 3,669230, 89,923076, 1004,603846, 2,5000, 4,4000
14-02-2020 00:00:00, 3,937500, 89,083333, 1015,441666, 2,6000, 5,1000
15-02-2020 00:00:00, 6,141666, 93,625000, 1011,241666, 4,7000, 8,5000
16-02-2020 00:00:00, 8,350000, 89,041666, 993,625000, 5,2000, 10,8000
17-02-2020 00:00:00, 6,975000, 80,166666, 1001,212500, 6,3000, 7,9000
18-02-2020 00:00:00, 5,779166, 85,416666, 1008,120833, 4,1000, 7,2000
19-02-2020 00:00:00, 5,362500, 85,916666, 1008,179166, 3,4000, 7,3000
20-02-2020 00:00:00, 5,462500, 93,416666, 1006,804166, 3,7000, 7,1000
21-02-2020 00:00:00, 5,741666, 85,583333, 1011,854166, 3,9000, 7,0000
22-02-2020 00:00:00, 6,729166, 84,583333, 1004,229166, 4,7000, 8,4000
23-02-2020 00:00:00, 5,062500, 82,916666, 1004,150000, 3,5000, 6,2000
24-02-2020 00:00:00, 4,500000, 89,458333, 1007,687500, 2,4000, 6,0000
25-02-2020 00:00:00, 4,837500, 82,666666, 986,691666, 2,6000, 7,0000
26-02-2020 00:00:00, 2,345833, 83,000000, 993,129166, 1,4000, 3,1000
27-02-2020 00:00:00, 2,712500, 86,125000, 998,720833, -0,5000, 5,3000
28-02-2020 00:00:00, 4,641666, 82,500000, 1006,216666, 2,7000, 7,3000
29-02-2020 00:00:00, 5,104166, 92,541666, 988,950000, 3,0000, 8,0000
01-03-2020 00:00:00, 5,642222, 81,444444, 987,453333, 3,1000, 6,7000
02-03-2020 00:00:00, 5,015000, 87,675000, 991,612500, 4,0000, 6,9000
03-03-2020 00:00:00, 5,075000, 88,416666, 999,062500, 3,8000, 7,3000
04-03-2020 00:00:00, 4,804166, 89,208333, 1006,108333, 3,3000, 6,7000
05-03-2020 00:00:00, 3,387500, 94,458333, 1002,295833, 1,8000, 5,5000
06-03-2020 00:00:00, 4,008333, 89,375000, 999,770833, 2,3000, 5,4000
07-03-2020 00:00:00, 3,166666, 93,375000, 1012,300000, 0,8000, 5,9000
08-03-2020 00:00:00, 6,220833, 89,791666, 1007,741666, 4,9000, 7,8000
09-03-2020 00:00:00, 5,839130, 95,260869, 1007,373913, 5,0000, 7,5000
10-03-2020 00:00:00, 6,033333, 94,750000, 996,637500, 4,6000, 7,8000
11-03-2020 00:00:00, 6,912500, 82,208333, 1002,337500, 5,8000, 8,6000
12-03-2020 00:00:00, 6,320833, 79,500000, 997,175000, 4,2000, 8,3000
13-03-2020 00:00:00, 5,370833, 78,458333, 1006,675000, 2,5000, 7,5000
14-03-2020 00:00:00, 3,487500, 76,375000, 1021,804166, -0,6000, 5,6000
15-03-2020 00:00:00, 6,354166, 83,958333, 1011,883333, 4,7000, 8,3000
16-03-2020 00:00:00, 6,841666, 86,875000, 1016,912500, 5,8000, 8,8000
17-03-2020 00:00:00, 6,458333, 89,000000, 1023,683333, 5,5000, 7,7000
18-03-2020 00:00:00, 7,108333, 92,541666, 1020,462500, 6,0000, 8,4000
19-03-2020 00:00:00, 6,654166, 79,625000, 1025,750000, 4,8000, 9,8000
20-03-2020 00:00:00, 5,329166, 74,541666, 1029,725000, 2,7000, 8,4000
21-03-2020 00:00:00, 3,570833, 59,375000, 1036,183333, -0,1000, 7,6000
22-03-2020 00:00:00, 2,695833, 65,666666, 1039,170833, 0,5000, 5,7000
23-03-2020 00:00:00, 3,637500, 59,208333, 1038,716666, 0,7000, 5,2000
24-03-2020 00:00:00, 4,641666, 58,791666, 1034,970833, 2,9000, 6,3000
25-03-2020 00:00:00, 4,887500, 55,916666, 1032,400000, 3,0000, 7,2000
26-03-2020 00:00:00, 4,775000, 66,500000, 1030,450000, 0,2000, 8,3000
27-03-2020 00:00:00, 5,954166, 65,458333, 1027,779166, 1,0000, 12,3000
28-03-2020 00:00:00, 5,783333, 72,791666, 1023,691666, 1,0000, 11,7000
29-03-2020 00:00:00, 3,275000, 58,541666, 1031,329166, 1,0000, 5,4000
30-03-2020 00:00:00, 4,262500, 68,250000, 1027,691666, 1,6000, 7,4000
31-03-2020 00:00:00, 3,812500, 69,208333, 1029,316666, -0,4000, 7,8000
01-04-2020 00:00:00, 6,175000, 81,458333, 1015,433333, 4,6000, 8,3000
02-04-2020 00:00:00, 6,245833, 80,375000, 1004,258333, 3,8000, 8,5000
03-04-2020 00:00:00, 4,950000, 71,666666, 1010,137500, 2,4000, 8,4000
04-04-2020 00:00:00, 5,633333, 88,541666, 1023,362500, 3,3000, 8,3000
05-04-2020 00:00:00, 8,716666, 66,958333, 1027,004166, 5,1000, 12,9000
06-04-2020 00:00:00, 10,020833, 67,375000, 1020,954166, 6,6000, 15,2000
07-04-2020 00:00:00, 9,833333, 75,750000, 1030,737500, 6,6000, 15,5000
08-04-2020 00:00:00, 9,270833, 73,750000, 1026,170833, 6,0000, 12,9000
09-04-2020 00:00:00, 8,404166, 69,666666, 1025,045833, 4,8000, 13,0000
10-04-2020 00:00:00, 6,875000, 70,041666, 1027,370833, 3,3000, 11,8000
11-04-2020 00:00:00, 6,354166, 85,833333, 1025,237500, 2,5000, 9,5000
12-04-2020 00:00:00, 10,104166, 74,166666, 1013,416666, 6,3000, 15,9000
13-04-2020 00:00:00, 5,591666, 56,125000, 1016,720833, 2,1000, 9,4000
14-04-2020 00:00:00, 5,987500, 64,583333, 1021,566666, 2,5000, 10,0000
15-04-2020 00:00:00, 8,450000, 74,833333, 1018,841666, 6,0000, 12,8000
16-04-2020 00:00:00, 9,183333, 70,916666, 1016,858333, 5,6000, 13,2000
17-04-2020 00:00:00, 6,941666, 74,375000, 1020,150000, 4,0000, 10,6000
18-04-2020 00:00:00, 7,858333, 63,000000, 1022,025000, 2,8000, 14,1000
19-04-2020 00:00:00, 7,545833, 70,666666, 1026,616666, 4,5000, 11,2000
20-04-2020 00:00:00, 8,862500, 65,458333, 1029,383333, 3,3000, 15,3000
21-04-2020 00:00:00, 10,908333, 52,916666, 1030,495833, 5,8000, 16,1000
22-04-2020 00:00:00, 11,166666, 57,375000, 1029,695833, 5,0000, 17,2000
23-04-2020 00:00:00, 11,000000, 69,291666, 1022,666666, 5,6000, 15,2000
24-04-2020 00:00:00, 10,154166, 72,500000, 1009,550000, 7,5000, 13,0000
25-04-2020 00:00:00, 10,312500, 64,333333, 1011,812500, 6,5000, 15,8000
26-04-2020 00:00:00, 7,837500, 68,666666, 1011,237500, 5,6000, 9,7000
27-04-2020 00:00:00, 9,679166, 80,166666, 1007,183333, 7,0000, 13,7000
28-04-2020 00:00:00, 9,333333, 73,375000, 1006,112500, 6,0000, 12,5000
29-04-2020 00:00:00, 8,516666, 84,333333, 1005,337500, 7,3000, 10,5000
30-04-2020 00:00:00, 9,233333, 90,958333, 1000,387500, 6,8000, 11,3000
01-05-2020 00:00:00, 9,050000, 87,125000, 998,662500, 6,8000, 12,3000
02-05-2020 00:00:00, 9,133333, 85,166666, 1003,650000, 7,0000, 12,2000
03-05-2020 00:00:00, 9,637500, 76,875000, 1014,645833, 6,8000, 13,1000
04-05-2020 00:00:00, 9,395833, 64,541666, 1018,283333, 6,1000, 13,1000
05-05-2020 00:00:00, 9,683333, 62,333333, 1021,525000, 4,9000, 14,1000
06-05-2020 00:00:00, 9,370833, 68,875000, 1023,250000, 5,6000, 13,7000
07-05-2020 00:00:00, 10,408333, 71,833333, 1021,287500, 8,0000, 15,2000
08-05-2020 00:00:00, 11,220833, 77,625000, 1017,433333, 6,6000, 17,0000
09-05-2020 00:00:00, 12,266666, 87,166666, 1014,737500, 9,1000, 16,1000
10-05-2020 00:00:00, 10,791666, 77,791666, 1008,483333, 6,6000, 17,2000
11-05-2020 00:00:00, 7,791666, 57,208333, 1012,687500, 5,0000, 11,0000
12-05-2020 00:00:00, 7,095833, 68,208333, 1012,333333, 4,4000, 9,9000
13-05-2020 00:00:00, 7,983333, 60,000000, 1013,295833, 3,1000, 12,4000
14-05-2020 00:00:00, 8,233333, 60,875000, 1018,700000, 4,5000, 12,8000
15-05-2020 00:00:00, 9,354166, 76,416666, 1016,900000, 7,0000, 12,4000
16-05-2020 00:00:00, 10,570833, 70,125000, 1016,945833, 8,2000, 13,7000
17-05-2020 00:00:00, 11,095833, 77,625000, 1017,791666, 8,7000, 14,3000
18-05-2020 00:00:00, 10,858333, 95,500000, 1017,666666, 9,9000, 12,0000
19-05-2020 00:00:00, 12,737500, 72,958333, 1019,108333, 9,3000, 16,4000
20-05-2020 00:00:00, 12,100000, 80,791666, 1023,487500, 8,3000, 15,5000
21-05-2020 00:00:00, 13,454166, 82,416666, 1023,783333, 9,5000, 17,8000
22-05-2020 00:00:00, 13,945833, 82,583333, 1018,183333, 11,9000, 17,8000
23-05-2020 00:00:00, 12,933333, 83,833333, 1016,741666, 11,8000, 14,7000
24-05-2020 00:00:00, 11,941666, 79,958333, 1019,754166, 10,3000, 13,8000
25-05-2020 00:00:00, 13,325000, 74,916666, 1028,970833, 10,1000, 18,1000
26-05-2020 00:00:00, 11,845833, 89,750000, 1035,308333, 8,1000, 16,3000
27-05-2020 00:00:00, 12,970833, 76,250000, 1033,375000, 9,4000, 17,6000
28-05-2020 00:00:00, 12,595833, 72,791666, 1032,862500, 8,8000, 18,0000
29-05-2020 00:00:00, 12,800000, 71,416666, 1030,575000, 8,4000, 17,7000
30-05-2020 00:00:00, 15,383333, 65,416666, 1027,750000, 8,7000, 21,8000
31-05-2020 00:00:00, 15,750000, 62,541666, 1027,933333, 10,2000, 20,2000
01-06-2020 00:00:00, 16,495833, 64,750000, 1027,316666, 10,0000, 22,7000
02-06-2020 00:00:00, 17,454166, 72,791666, 1018,383333, 11,4000, 21,9000
03-06-2020 00:00:00, 16,668000, 72,040000, 1006,708000, 11,8000, 21,1000
04-06-2020 00:00:00, 13,791666, 83,916666, 994,625000, 11,0000, 17,7000
05-06-2020 00:00:00, 12,291666, 76,666666, 990,495833, 9,7000, 15,3000
06-06-2020 00:00:00, 11,720833, 75,666666, 996,154166, 9,1000, 14,5000
07-06-2020 00:00:00, 13,245833, 74,291666, 1004,870833, 11,6000, 16,1000
08-06-2020 00:00:00, 13,325000, 77,875000, 1013,754166, 10,5000, 16,8000
09-06-2020 00:00:00, 13,033333, 66,750000, 1019,370833, 10,0000, 16,1000
10-06-2020 00:00:00, 15,491666, 72,583333, 1018,445833, 9,1000, 20,1000
11-06-2020 00:00:00, 16,987500, 73,166666, 1015,887500, 13,5000, 20,9000
12-06-2020 00:00:00, 16,033333, 86,375000, 1014,595833, 13,6000, 17,4000
13-06-2020 00:00:00, 17,141666, 86,916666, 1015,704166, 15,7000, 19,5000
14-06-2020 00:00:00, 17,875000, 64,083333, 1017,212500, 12,4000, 22,2000
15-06-2020 00:00:00, 17,154166, 67,250000, 1017,483333, 11,3000, 22,1000
16-06-2020 00:00:00, 18,558333, 75,125000, 1014,654166, 13,6000, 22,6000
17-06-2020 00:00:00, 20,016666, 72,958333, 1013,333333, 16,2000, 24,8000
18-06-2020 00:00:00, 19,179166, 73,375000, 1012,904166, 15,1000, 23,5000
19-06-2020 00:00:00, 16,841666, 93,375000, 1013,379166, 15,7000, 17,8000
20-06-2020 00:00:00, 17,566666, 78,791666, 1017,841666, 14,9000, 21,4000
21-06-2020 00:00:00, 17,658333, 74,875000, 1019,200000, 14,1000, 21,8000
22-06-2020 00:00:00, 18,033333, 71,625000, 1022,145833, 14,7000, 21,4000
23-06-2020 00:00:00, 18,025000, 74,958333, 1025,845833, 13,2000, 22,4000
24-06-2020 00:00:00, 19,887500, 76,208333, 1026,987500, 16,0000, 22,9000
25-06-2020 00:00:00, 22,345833, 61,791666, 1024,091666, 16,3000, 27,7000
26-06-2020 00:00:00, 22,183333, 74,541666, 1016,350000, 17,7000, 25,7000
27-06-2020 00:00:00, 21,008333, 83,875000, 1009,370833, 17,9000, 26,1000
28-06-2020 00:00:00, 18,679166, 79,083333, 1010,000000, 16,6000, 20,1000
29-06-2020 00:00:00, 17,450000, 72,333333, 1008,150000, 15,2000, 19,2000
30-06-2020 00:00:00, 15,995833, 82,083333, 1001,883333, 14,2000, 17,4000
01-07-2020 00:00:00, 16,466666, 82,083333, 1003,004166, 14,5000, 19,9000
02-07-2020 00:00:00, 16,308333, 73,208333, 1008,045833, 14,1000, 19,8000
03-07-2020 00:00:00, 14,670833, 78,333333, 1012,487500, 12,9000, 17,3000
04-07-2020 00:00:00, 16,212500, 95,750000, 1007,266666, 15,2000, 17,0000
05-07-2020 00:00:00, 16,879166, 86,458333, 1002,550000, 14,9000, 18,6000
06-07-2020 00:00:00, 14,220833, 76,416666, 1006,258333, 11,7000, 16,4000
07-07-2020 00:00:00, 13,141666, 77,708333, 1014,066666, 11,5000, 15,1000
08-07-2020 00:00:00, 13,300000, 72,708333, 1013,620833, 10,8000, 16,3000
09-07-2020 00:00:00, 13,850000, 71,916666, 1013,254166, 10,9000, 16,1000
10-07-2020 00:00:00, 12,975000, 77,791666, 1011,137500, 10,8000, 16,4000
11-07-2020 00:00:00, 13,979166, 70,458333, 1020,412500, 11,3000, 17,4000
12-07-2020 00:00:00, 14,287500, 78,666666, 1025,554166, 11,5000, 17,4000
13-07-2020 00:00:00, 15,104166, 77,916666, 1022,216666, 11,7000, 18,1000
14-07-2020 00:00:00, 15,137500, 87,916666, 1013,537500, 13,8000, 16,0000
15-07-2020 00:00:00, 14,712500, 84,041666, 1012,804166, 12,0000, 17,1000
16-07-2020 00:00:00, 15,650000, 82,250000, 1016,716666, 12,3000, 18,9000
17-07-2020 00:00:00, 16,929166, 84,041666, 1020,083333, 13,1000, 21,2000
18-07-2020 00:00:00, 18,162500, 84,125000, 1019,479166, 14,1000, 21,8000
19-07-2020 00:00:00, 19,212500, 84,625000, 1015,108333, 15,8000, 22,0000
20-07-2020 00:00:00, 15,783333, 73,541666, 1017,491666, 13,0000, 19,4000
21-07-2020 00:00:00, 15,087500, 68,791666, 1020,729166, 12,6000, 19,1000
22-07-2020 00:00:00, 14,950000, 68,041666, 1021,379166, 11,9000, 19,1000
23-07-2020 00:00:00, 14,745833, 80,791666, 1015,470833, 11,4000, 17,0000
24-07-2020 00:00:00, 16,637500, 81,208333, 1007,745833, 13,8000, 19,0000
25-07-2020 00:00:00, 16,691666, 89,041666, 1009,804166, 12,9000, 20,2000
26-07-2020 00:00:00, 17,437500, 88,125000, 1008,145833, 16,1000, 19,5000
27-07-2020 00:00:00, 17,262500, 85,708333, 1013,041666, 15,4000, 19,8000
28-07-2020 00:00:00, 17,075000, 78,291666, 1006,558333, 15,0000, 18,4000
29-07-2020 00:00:00, 14,820833, 79,958333, 1013,008333, 13,2000, 16,7000
30-07-2020 00:00:00, 15,595833, 72,708333, 1018,645833, 13,1000, 18,7000
31-07-2020 00:00:00, 16,675000, 77,958333, 1019,195833, 12,4000, 21,0000
01-08-2020 00:00:00, 18,945833, 75,000000, 1014,962500, 14,1000, 23,4000
02-08-2020 00:00:00, 17,545833, 84,666666, 1012,191666, 14,1000, 20,0000
03-08-2020 00:00:00, 16,354166, 74,000000, 1012,925000, 13,2000, 20,3000
04-08-2020 00:00:00, 15,854166, 73,041666, 1014,995833, 12,6000, 19,0000
05-08-2020 00:00:00, 18,058333, 76,458333, 1015,420833, 15,6000, 20,3000
06-08-2020 00:00:00, 20,695833, 72,750000, 1020,454166, 16,7000, 26,4000
07-08-2020 00:00:00, 22,066666, 69,416666, 1022,900000, 18,7000, 25,9000
08-08-2020 00:00:00, 22,458333, 70,291666, 1021,725000, 16,9000, 28,2000
09-08-2020 00:00:00, 23,829166, 55,916666, 1020,775000, 19,1000, 30,6000
10-08-2020 00:00:00, 23,741666, 67,375000, 1020,192000, 19,4000, 30,3000
11-08-2020 00:00:00, 21,700000, 76,727272, 1022,072727, 17,7000, 27,6000
12-08-2020 00:00:00, 21,229166, 71,166666, 1020,720833, 16,5000, 26,6000
13-08-2020 00:00:00, 20,858333, 61,958333, 1017,045833, 15,3000, 27,3000
14-08-2020 00:00:00, 20,312500, 64,375000, 1014,762500, 14,4000, 25,8000
15-08-2020 00:00:00, 22,283333, 71,833333, 1015,904166, 16,6000, 27,7000
16-08-2020 00:00:00, 22,920833, 67,125000, 1014,508333, 16,8000, 27,0000
17-08-2020 00:00:00, 23,600000, 57,125000, 1010,370833, 18,8000, 27,7000
18-08-2020 00:00:00, 20,666666, 81,666666, 1009,004166, 18,2000, 24,0000
19-08-2020 00:00:00, 20,850000, 78,333333, 1009,970833, 17,7000, 24,4000
20-08-2020 00:00:00, 20,654166, 85,125000, 1008,879166, 18,9000, 22,4000
21-08-2020 00:00:00, 21,600000, 86,208333, 1008,887500, 19,5000, 24,7000
22-08-2020 00:00:00, 20,362500, 76,958333, 1009,695833, 18,5000, 21,6000
23-08-2020 00:00:00, 17,695833, 79,333333, 1009,408333, 14,9000, 20,4000
24-08-2020 00:00:00, 16,058333, 74,500000, 1011,170833, 14,2000, 19,1000
25-08-2020 00:00:00, 16,120833, 70,416666, 1008,316666, 12,5000, 19,6000
26-08-2020 00:00:00, 17,825000, 87,125000, 997,362500, 16,5000, 20,5000
27-08-2020 00:00:00, 15,612500, 77,375000, 1011,004166, 13,5000, 18,7000
28-08-2020 00:00:00, 15,166666, 83,875000, 1003,287500, 12,8000, 18,3000
29-08-2020 00:00:00, 16,079166, 83,083333, 1002,966666, 13,2000, 19,9000
30-08-2020 00:00:00, 17,058333, 80,000000, 1010,483333, 13,5000, 20,6000
31-08-2020 00:00:00, 16,033333, 65,875000, 1017,854166, 12,6000, 19,6000
01-09-2020 00:00:00, 15,416666, 71,875000, 1021,208333, 11,1000, 19,3000
02-09-2020 00:00:00, 16,183333, 76,666666, 1019,145833, 12,6000, 20,2000
03-09-2020 00:00:00, 16,256521, 82,521739, 1014,678260, 13,9000, 18,3000
04-09-2020 00:00:00, 17,347826, 75,913043, 1015,369565, 15,9000, 18,9000
05-09-2020 00:00:00, 15,729166, 72,708333, 1012,795833, 13,3000, 18,3000
06-09-2020 00:00:00, 14,183333, 74,416666, 1015,662500, 12,4000, 16,6000
07-09-2020 00:00:00, 15,120833, 71,291666, 1019,970833, 12,5000, 17,4000
08-09-2020 00:00:00, 17,379166, 84,500000, 1018,591666, 15,7000, 20,9000
09-09-2020 00:00:00, 16,812500, 87,208333, 1015,525000, 14,0000, 18,6000
10-09-2020 00:00:00, 14,420833, 69,208333, 1019,312500, 11,7000, 18,2000
11-09-2020 00:00:00, 15,341666, 74,541666, 1015,775000, 13,3000, 17,1000
12-09-2020 00:00:00, 15,541666, 81,041666, 1014,650000, 14,4000, 17,7000
13-09-2020 00:00:00, 16,454166, 85,125000, 1020,595833, 14,8000, 18,2000
14-09-2020 00:00:00, 17,412500, 88,875000, 1025,025000, 14,9000, 20,8000
15-09-2020 00:00:00, 17,962500, 84,583333, 1020,537500, 14,2000, 23,6000
16-09-2020 00:00:00, 15,845833, 82,416666, 1020,387500, 13,0000, 19,4000
17-09-2020 00:00:00, 12,779166, 67,458333, 1031,550000, 8,2000, 16,3000
18-09-2020 00:00:00, 12,241666, 79,250000, 1030,250000, 8,1000, 16,9000
19-09-2020 00:00:00, 13,100000, 83,541666, 1025,062500, 9,6000, 17,2000
20-09-2020 00:00:00, 12,379166, 92,250000, 1022,408333, 7,6000, 16,4000
21-09-2020 00:00:00, 12,891666, 93,041666, 1018,204166, 9,8000, 17,4000
22-09-2020 00:00:00, 15,025000, 88,416666, 1009,737500, 11,2000, 20,4000
23-09-2020 00:00:00, 16,420833, 85,791666, 1002,429166, 12,3000, 20,3000
24-09-2020 00:00:00, 16,475000, 73,916666, 999,245833, 15,3000, 18,0000
25-09-2020 00:00:00, 13,287500, 87,541666, 996,587500, 12,0000, 15,7000
26-09-2020 00:00:00, 13,625000, 86,333333, 997,837500, 11,9000, 16,5000
27-09-2020 00:00:00, 17,258333, 88,916666, 1004,470833, 15,3000, 19,5000
28-09-2020 00:00:00, 15,012500, 90,500000, 1010,187500, 13,3000, 16,5000
29-09-2020 00:00:00, 15,395833, , 1015,262500, 14,3000, 17,0000
30-09-2020 00:00:00, 14,754166, , , 13,3000, 16,5000
01-10-2020 00:00:00, , , , , 18,1000
02-10-2020 00:00:00, , , , , 17,1000
03-10-2020 00:00:00, , , , , 16,9000
04-10-2020 00:00:00, , , , , 17,0000
05-10-2020 00:00:00, , , , , 15,4000
06-10-2020 00:00:00, , , , , 14,8000
